id,rdf:RDF,rdf:RDF/ow:Publication,rdf:RDF/ow:Publication/dc:creator,rdf:RDF/ow:Publication/dc:date,rdf:RDF/ow:Publication/dc:identifier,rdf:RDF/ow:Publication/dc:description,rdf:RDF/ow:Publication/dc:language,rdf:RDF/ow:Publication/dc:relation,rdf:RDF/ow:Publication/dc:title,rdf:RDF/ow:Publication/dc:type,rdf:RDF/ow:Publication/dc:contributor,rdf:RDF/ow:Publication/dc:source,rdf:RDF/ow:Publication/dc:rights,rdf:RDF/ow:Publication/dc:publisher,rdf:RDF/ow:Publication/dc:coverage,rdf:RDF/ow:Publication/dc:subject,date
oai:secundus.datadryad.org:10255/dryad.12,1,1,1,1,1,1,1,1,1,1,1,1,0,0,0,0,2007-12-06T20:55:28Z
oai:secundus.datadryad.org:10255/dryad.16,1,1,1,1,1,1,0,1,1,1,0,1,1,0,0,0,2007-12-14T21:38:07Z
oai:secundus.datadryad.org:10255/dryad.17,1,1,1,1,1,1,0,1,1,1,0,1,1,0,0,0,2007-12-14T21:38:08Z
oai:secundus.datadryad.org:10255/dryad.18,1,1,1,1,1,1,1,1,1,1,1,1,0,1,0,0,2007-12-14T22:27:55Z
oai:secundus.datadryad.org:10255/dryad.19,1,1,1,1,1,0,0,1,1,1,0,1,1,0,0,0,2007-12-14T22:32:19Z
oai:secundus.datadryad.org:10255/dryad.20,1,1,1,1,1,1,1,1,1,1,1,1,0,1,1,1,2007-12-17T20:28:42Z
oai:secundus.datadryad.org:10255/dryad.23,1,1,1,1,1,1,1,1,1,1,0,1,1,0,1,1,2007-12-20T21:55:22Z
oai:secundus.datadryad.org:10255/dryad.25,1,1,1,1,1,1,1,1,1,1,0,1,0,1,1,1,2008-01-02T20:17:56Z
oai:secundus.datadryad.org:10255/dryad.26,1,1,1,1,1,0,1,1,1,1,0,1,1,0,1,1,2008-01-02T20:18:48Z
oai:secundus.datadryad.org:10255/dryad.27,1,1,1,1,1,1,0,1,1,1,0,1,1,0,1,1,2008-01-02T20:23:15Z
oai:secundus.datadryad.org:10255/dryad.28,1,1,1,1,1,1,1,1,1,1,0,1,1,0,1,1,2008-01-08T16:22:16Z
oai:secundus.datadryad.org:10255/dryad.29,1,1,1,1,1,1,0,1,1,1,0,1,1,0,1,0,2008-01-08T16:31:28Z
oai:secundus.datadryad.org:10255/dryad.30,1,1,1,1,1,1,0,1,1,1,0,1,1,0,1,0,2008-01-08T16:38:48Z
oai:secundus.datadryad.org:10255/dryad.31,1,1,1,1,1,1,0,1,1,1,0,1,1,0,1,0,2008-01-08T16:42:14Z
oai:secundus.datadryad.org:10255/dryad.32,1,1,1,1,1,1,0,1,1,1,0,1,1,0,1,0,2008-01-08T16:45:21Z
oai:secundus.datadryad.org:10255/dryad.33,1,1,1,1,1,0,0,1,1,1,0,1,1,0,1,0,2008-01-08T20:07:01Z
oai:secundus.datadryad.org:10255/dryad.34,1,1,1,1,1,0,0,1,1,1,0,1,1,0,1,0,2008-01-08T20:11:22Z
oai:secundus.datadryad.org:10255/dryad.35,1,1,1,1,1,0,0,1,1,1,0,1,1,0,1,0,2008-01-08T20:13:39Z
oai:secundus.datadryad.org:10255/dryad.36,1,1,1,1,1,0,0,1,1,1,0,1,1,0,1,0,2008-01-08T20:16:04Z
oai:secundus.datadryad.org:10255/dryad.37,1,1,1,1,1,0,0,1,1,1,0,1,1,0,1,0,2008-01-08T20:18:32Z
oai:secundus.datadryad.org:10255/dryad.38,1,1,1,1,1,0,0,1,1,1,0,1,1,0,1,0,2008-01-08T20:20:48Z
oai:secundus.datadryad.org:10255/dryad.39,1,1,1,1,1,0,0,1,1,1,0,1,1,0,1,0,2008-01-08T20:23:15Z
oai:secundus.datadryad.org:10255/dryad.40,1,1,1,1,1,0,0,1,1,1,0,1,1,0,1,0,2008-01-08T20:27:17Z
oai:secundus.datadryad.org:10255/dryad.41,1,1,1,1,1,0,0,1,1,1,0,1,1,0,1,0,2008-01-08T20:29:18Z
oai:secundus.datadryad.org:10255/dryad.42,1,1,1,1,1,0,0,1,1,1,0,1,1,0,1,0,2008-01-08T20:31:21Z
oai:secundus.datadryad.org:10255/dryad.43,1,1,1,1,1,0,0,1,1,1,0,1,1,0,1,0,2008-01-08T20:34:32Z
oai:secundus.datadryad.org:10255/dryad.44,1,1,1,1,1,0,0,1,1,1,0,1,1,0,1,0,2008-01-08T20:36:57Z
oai:secundus.datadryad.org:10255/dryad.45,1,1,1,1,1,0,0,1,1,1,0,1,1,0,1,0,2008-01-08T20:39:13Z
oai:secundus.datadryad.org:10255/dryad.46,1,1,1,1,1,0,0,1,1,1,0,1,1,0,1,0,2008-01-08T20:41:24Z
oai:secundus.datadryad.org:10255/dryad.47,1,1,1,1,1,0,0,1,1,1,0,1,1,0,1,0,2008-01-08T20:44:07Z
oai:secundus.datadryad.org:10255/dryad.48,1,1,1,1,1,0,0,1,1,1,0,1,1,0,1,0,2008-01-08T20:46:20Z
oai:secundus.datadryad.org:10255/dryad.49,1,1,1,1,1,0,0,1,1,1,0,1,1,0,1,0,2008-01-08T20:48:20Z
oai:secundus.datadryad.org:10255/dryad.50,1,1,1,1,1,0,0,1,1,1,0,1,1,0,1,0,2008-01-08T20:50:37Z
oai:secundus.datadryad.org:10255/dryad.51,1,1,1,1,1,0,0,1,1,1,0,1,1,0,1,0,2008-01-08T20:52:37Z
oai:secundus.datadryad.org:10255/dryad.52,1,1,1,1,1,0,0,1,1,1,0,1,1,0,1,0,2008-01-08T20:54:42Z
oai:secundus.datadryad.org:10255/dryad.53,1,1,1,1,1,0,0,1,1,1,0,1,1,0,1,0,2008-01-08T20:56:34Z
oai:secundus.datadryad.org:10255/dryad.54,1,1,1,1,1,0,0,1,1,1,0,1,1,0,1,0,2008-01-08T20:58:24Z
oai:secundus.datadryad.org:10255/dryad.55,1,1,1,1,1,0,0,1,1,1,0,1,1,0,1,0,2008-01-08T21:00:29Z
oai:secundus.datadryad.org:10255/dryad.56,1,1,1,1,1,0,0,1,1,1,0,1,1,0,1,0,2008-01-08T21:02:27Z
oai:secundus.datadryad.org:10255/dryad.57,1,1,1,1,1,1,0,1,1,1,0,1,1,0,1,1,2008-01-17T23:47:00Z
oai:secundus.datadryad.org:10255/dryad.58,1,1,1,1,1,1,0,1,1,1,0,1,1,0,1,1,2008-01-18T15:56:44Z
oai:secundus.datadryad.org:10255/dryad.59,1,1,1,1,1,1,1,1,1,1,1,1,0,1,0,1,2008-01-28T19:20:34Z
oai:secundus.datadryad.org:10255/dryad.60,1,1,1,1,1,0,0,1,1,1,0,1,1,0,0,1,2008-01-28T19:21:09Z
oai:secundus.datadryad.org:10255/dryad.62,1,1,1,1,1,1,1,1,1,0,1,1,0,1,0,1,2008-02-13T20:34:14Z
oai:secundus.datadryad.org:10255/dryad.61,1,1,1,1,1,0,0,1,1,0,0,1,1,0,0,1,2008-02-13T20:23:56Z
oai:secundus.datadryad.org:10255/dryad.64,1,1,1,1,1,1,1,1,1,1,0,1,0,1,0,1,2008-02-22T14:33:47Z
oai:secundus.datadryad.org:10255/dryad.65,1,1,1,1,1,0,0,1,1,1,0,1,1,0,0,1,2008-02-22T15:30:55Z
oai:secundus.datadryad.org:10255/dryad.66,1,1,1,1,1,1,1,1,1,1,1,1,0,1,1,1,2008-02-22T16:09:44Z
oai:secundus.datadryad.org:10255/dryad.67,1,1,1,1,1,0,0,1,1,1,0,1,1,0,1,1,2008-02-22T16:16:19Z
oai:secundus.datadryad.org:10255/dryad.68,1,1,1,1,1,1,1,1,1,1,0,1,0,1,0,1,2008-02-25T16:11:20Z
oai:secundus.datadryad.org:10255/dryad.69,1,1,1,1,1,0,0,1,1,0,0,1,1,1,0,1,2008-02-27T14:29:12Z
oai:secundus.datadryad.org:10255/dryad.70,1,1,1,1,1,0,1,1,1,1,0,1,0,1,0,0,2008-02-27T15:05:52Z
oai:secundus.datadryad.org:10255/dryad.71,1,1,1,1,1,0,0,1,1,1,0,1,1,1,0,0,2008-02-27T15:10:44Z
oai:secundus.datadryad.org:10255/dryad.72,1,1,1,1,1,0,0,1,1,1,0,1,1,1,0,0,2008-02-27T15:12:36Z
oai:secundus.datadryad.org:10255/dryad.73,1,1,1,1,1,0,0,1,1,1,0,1,1,1,0,0,2008-02-27T15:14:36Z
oai:secundus.datadryad.org:10255/dryad.74,1,1,1,1,1,0,0,1,1,1,0,1,1,0,0,0,2008-02-27T15:17:54Z
oai:secundus.datadryad.org:10255/dryad.75,1,1,1,1,1,0,0,1,1,1,0,1,1,1,0,0,2008-02-27T15:19:37Z
oai:secundus.datadryad.org:10255/dryad.76,1,1,1,1,1,0,0,1,1,1,0,1,1,1,0,0,2008-02-27T15:26:21Z
oai:secundus.datadryad.org:10255/dryad.77,1,1,1,1,1,0,0,1,1,1,0,1,1,1,0,0,2008-02-27T15:49:05Z
oai:secundus.datadryad.org:10255/dryad.78,1,1,1,1,1,0,0,1,1,1,0,1,1,1,0,0,2008-02-27T15:50:54Z
oai:secundus.datadryad.org:10255/dryad.79,1,1,1,1,1,0,0,1,1,1,0,1,1,1,0,0,2008-02-27T15:53:07Z
oai:secundus.datadryad.org:10255/dryad.80,1,1,1,1,1,0,0,1,1,1,0,1,1,1,0,0,2008-02-27T15:56:13Z
oai:secundus.datadryad.org:10255/dryad.81,1,1,1,1,1,0,0,1,1,1,0,1,1,1,0,0,2008-02-27T16:05:43Z
oai:secundus.datadryad.org:10255/dryad.82,1,1,1,1,1,1,1,1,1,1,1,1,0,1,0,1,2008-02-27T17:42:57Z
oai:secundus.datadryad.org:10255/dryad.83,1,1,1,1,1,0,1,1,1,1,0,1,1,0,0,1,2008-02-27T17:48:02Z
oai:secundus.datadryad.org:10255/dryad.84,1,1,1,1,1,0,0,1,1,1,0,1,1,1,0,0,2008-02-29T16:04:31Z
oai:secundus.datadryad.org:10255/dryad.85,1,1,1,1,1,0,0,1,1,1,0,1,1,1,0,0,2008-02-29T16:06:53Z
oai:secundus.datadryad.org:10255/dryad.86,1,1,1,1,1,0,0,1,1,1,0,1,1,1,0,0,2008-03-03T14:38:28Z
oai:secundus.datadryad.org:10255/dryad.87,1,1,1,1,1,0,0,1,1,1,0,1,1,1,0,0,2008-03-03T14:40:29Z
oai:secundus.datadryad.org:10255/dryad.88,1,1,1,1,1,0,0,1,1,1,0,1,1,1,0,0,2008-03-03T14:46:08Z
oai:secundus.datadryad.org:10255/dryad.89,1,1,1,1,1,0,0,1,1,1,0,1,1,1,0,0,2008-03-03T14:52:40Z
oai:secundus.datadryad.org:10255/dryad.90,1,1,1,1,1,0,0,1,1,1,0,1,1,1,0,0,2008-03-03T15:01:17Z
oai:secundus.datadryad.org:10255/dryad.91,1,1,1,1,1,0,0,1,1,1,0,1,1,1,0,0,2008-03-05T18:55:33Z
oai:secundus.datadryad.org:10255/dryad.92,1,1,1,1,1,0,0,1,1,1,0,1,1,1,0,0,2008-03-05T19:00:34Z
oai:secundus.datadryad.org:10255/dryad.93,1,1,1,1,1,0,0,1,1,1,0,1,1,1,0,0,2008-03-05T19:02:11Z
oai:secundus.datadryad.org:10255/dryad.94,1,1,1,1,1,0,0,1,1,1,0,1,1,1,0,0,2008-03-05T19:33:27Z
oai:secundus.datadryad.org:10255/dryad.95,1,1,1,1,1,0,0,1,1,1,0,1,1,1,0,0,2008-03-05T19:35:54Z
oai:secundus.datadryad.org:10255/dryad.96,1,1,1,1,1,0,0,1,1,1,0,1,1,1,0,0,2008-03-07T20:15:25Z
oai:secundus.datadryad.org:10255/dryad.97,1,1,1,1,1,0,0,1,1,1,0,1,1,1,0,0,2008-03-07T20:19:44Z
oai:secundus.datadryad.org:10255/dryad.98,1,1,1,1,1,0,0,1,1,1,0,1,1,1,0,0,2008-03-07T20:24:04Z
oai:secundus.datadryad.org:10255/dryad.99,1,1,1,1,1,0,0,1,1,1,0,1,1,1,0,0,2008-03-07T20:51:23Z
oai:secundus.datadryad.org:10255/dryad.100,1,1,1,1,1,1,1,1,1,1,0,1,0,1,0,1,2008-03-19T18:45:34Z
oai:secundus.datadryad.org:10255/dryad.101,1,1,1,1,1,0,0,1,1,1,0,1,1,1,0,1,2008-03-19T18:57:00Z
oai:secundus.datadryad.org:10255/dryad.102,1,1,1,1,1,1,1,1,1,1,0,1,0,1,0,1,2008-03-19T19:11:39Z
oai:secundus.datadryad.org:10255/dryad.103,1,1,1,1,1,0,0,1,1,1,0,1,1,1,0,1,2008-03-19T19:13:36Z
oai:secundus.datadryad.org:10255/dryad.104,1,1,1,1,1,1,1,1,1,1,0,1,0,1,0,1,2008-03-19T19:45:29Z
oai:secundus.datadryad.org:10255/dryad.105,1,1,1,1,1,0,0,1,1,1,0,1,1,1,0,1,2008-03-19T19:50:32Z
oai:secundus.datadryad.org:10255/dryad.106,1,1,1,1,1,1,1,1,1,1,0,1,0,1,0,1,2008-03-21T13:50:41Z
oai:secundus.datadryad.org:10255/dryad.107,1,1,1,1,1,0,0,1,1,1,0,1,1,1,0,1,2008-03-21T14:09:11Z
oai:secundus.datadryad.org:10255/dryad.108,1,1,1,1,1,1,0,1,1,1,0,1,0,1,0,1,2008-03-21T14:26:49Z
oai:secundus.datadryad.org:10255/dryad.109,1,1,1,1,1,0,0,1,1,1,0,1,1,1,0,1,2008-03-21T14:31:21Z
oai:secundus.datadryad.org:10255/dryad.110,1,1,1,1,1,0,0,1,1,1,0,1,1,1,0,1,2008-03-21T14:32:39Z
oai:secundus.datadryad.org:10255/dryad.111,1,1,1,1,1,1,1,1,1,1,0,1,0,1,0,1,2008-03-24T14:14:19Z
oai:secundus.datadryad.org:10255/dryad.112,1,1,1,1,1,0,0,1,1,1,0,1,1,1,0,1,2008-03-24T14:17:55Z
oai:secundus.datadryad.org:10255/dryad.113,1,1,1,1,1,0,0,1,1,1,0,1,1,1,0,1,2008-03-24T14:19:06Z
oai:secundus.datadryad.org:10255/dryad.114,1,1,1,1,1,0,0,1,1,1,0,1,1,1,0,1,2008-03-24T14:20:25Z
oai:secundus.datadryad.org:10255/dryad.115,1,1,1,1,1,0,0,1,1,1,0,1,1,1,0,1,2008-03-24T14:21:47Z
oai:secundus.datadryad.org:10255/dryad.116,1,1,1,1,1,1,1,1,1,1,0,1,0,1,0,1,2008-03-24T14:46:10Z
oai:secundus.datadryad.org:10255/dryad.117,1,1,1,1,1,0,0,1,1,1,0,1,1,1,0,1,2008-03-24T14:50:41Z
oai:secundus.datadryad.org:10255/dryad.118,1,1,1,1,1,0,0,1,1,1,0,1,1,1,0,1,2008-03-24T14:54:27Z
oai:secundus.datadryad.org:10255/dryad.119,1,1,1,1,1,1,1,1,1,1,0,1,0,1,0,1,2008-03-26T18:12:29Z
oai:secundus.datadryad.org:10255/dryad.121,1,1,1,1,1,0,0,1,1,1,0,1,1,1,0,1,2008-04-08T19:41:03Z
oai:secundus.datadryad.org:10255/dryad.120,1,1,1,1,1,1,1,1,1,1,1,1,0,1,0,1,2008-03-28T14:09:28Z
oai:secundus.datadryad.org:10255/dryad.122,1,1,1,1,1,0,0,1,1,1,0,1,1,1,0,1,2008-04-08T19:51:42Z
oai:secundus.datadryad.org:10255/dryad.123,1,1,1,1,1,1,0,1,1,1,0,1,0,1,0,1,2008-04-08T20:32:03Z
oai:secundus.datadryad.org:10255/dryad.124,1,1,1,1,1,0,0,1,1,1,0,1,1,1,0,1,2008-04-08T20:34:17Z
oai:secundus.datadryad.org:10255/dryad.125,1,1,1,1,1,1,0,1,1,1,1,1,0,1,0,1,2008-04-10T14:12:13Z
oai:secundus.datadryad.org:10255/dryad.126,1,1,1,1,1,1,0,1,1,1,0,1,1,0,0,1,2008-04-11T15:00:55Z
oai:secundus.datadryad.org:10255/dryad.127,1,1,1,1,1,1,0,1,1,1,0,1,1,0,0,1,2008-04-11T15:03:02Z
oai:secundus.datadryad.org:10255/dryad.128,1,1,1,1,1,1,0,1,1,1,0,1,1,0,0,1,2008-04-11T15:07:17Z
oai:secundus.datadryad.org:10255/dryad.131,1,1,1,1,1,1,1,1,1,1,0,1,1,0,0,1,2008-04-29T14:10:38Z
oai:secundus.datadryad.org:10255/dryad.132,1,1,1,1,1,0,0,1,1,1,0,1,1,0,0,1,2008-05-01T14:09:33Z
oai:secundus.datadryad.org:10255/dryad.133,1,1,1,1,1,0,0,1,1,1,0,1,1,0,0,1,2008-05-05T13:46:10Z
oai:secundus.datadryad.org:10255/dryad.134,1,1,1,1,1,0,0,1,1,1,0,1,1,0,0,1,2008-05-05T13:48:53Z
oai:secundus.datadryad.org:10255/dryad.135,1,1,1,1,1,0,0,1,1,1,0,1,1,0,0,1,2008-05-05T13:50:29Z
oai:secundus.datadryad.org:10255/dryad.136,1,1,1,1,1,0,0,1,1,1,0,1,1,0,0,1,2008-05-05T13:52:58Z
oai:secundus.datadryad.org:10255/dryad.137,1,1,1,1,1,0,0,1,1,1,0,1,1,0,0,1,2008-05-05T13:54:14Z
oai:secundus.datadryad.org:10255/dryad.138,1,1,1,1,1,0,0,1,1,1,0,1,1,0,0,1,2008-05-05T13:55:53Z
oai:secundus.datadryad.org:10255/dryad.139,1,1,1,1,1,0,0,1,1,1,0,1,1,0,0,1,2008-05-05T14:02:17Z
oai:secundus.datadryad.org:10255/dryad.140,1,1,1,1,1,0,0,1,1,1,0,1,1,0,0,1,2008-05-05T14:04:01Z
oai:secundus.datadryad.org:10255/dryad.141,1,1,1,1,1,0,0,1,1,1,0,1,1,0,0,1,2008-05-05T14:06:47Z
oai:secundus.datadryad.org:10255/dryad.142,1,1,1,1,1,0,0,1,1,1,0,1,1,0,0,1,2008-05-05T14:08:24Z
oai:secundus.datadryad.org:10255/dryad.143,1,1,1,1,1,0,0,1,1,1,0,1,1,0,0,1,2008-05-05T14:11:01Z
oai:secundus.datadryad.org:10255/dryad.144,1,1,1,1,1,0,0,1,1,1,0,1,1,0,0,1,2008-05-05T14:14:35Z
oai:secundus.datadryad.org:10255/dryad.145,1,1,1,1,1,0,0,1,1,1,0,1,1,0,0,1,2008-05-05T14:21:36Z
oai:secundus.datadryad.org:10255/dryad.146,1,1,1,1,1,0,0,1,1,1,0,1,1,0,0,1,2008-05-05T14:26:08Z
oai:secundus.datadryad.org:10255/dryad.147,1,1,1,1,1,0,0,1,1,1,0,1,1,0,0,1,2008-05-05T14:27:32Z
oai:secundus.datadryad.org:10255/dryad.149,1,1,1,1,1,1,0,1,1,1,0,1,1,0,0,1,2008-05-30T02:38:06Z
oai:secundus.datadryad.org:10255/dryad.150,1,1,1,1,1,0,1,1,1,1,0,1,0,1,0,1,2008-05-30T02:43:10Z
oai:secundus.datadryad.org:10255/dryad.151,1,1,1,1,1,1,0,1,1,1,0,1,1,0,0,1,2008-05-30T02:54:45Z
oai:secundus.datadryad.org:10255/dryad.152,1,1,1,1,1,0,1,1,1,1,0,1,0,0,0,1,2008-05-30T03:00:17Z
oai:secundus.datadryad.org:10255/dryad.153,1,1,1,1,1,1,0,1,1,1,0,1,1,0,0,1,2008-05-30T13:06:54Z
oai:secundus.datadryad.org:10255/dryad.154,1,1,1,1,1,0,1,1,1,1,0,1,0,0,0,1,2008-05-30T13:10:52Z
oai:secundus.datadryad.org:10255/dryad.155,1,1,1,1,1,0,0,1,1,1,0,1,1,0,0,1,2008-05-30T13:18:19Z
oai:secundus.datadryad.org:10255/dryad.156,1,1,1,1,1,0,1,1,1,1,0,1,0,0,0,1,2008-05-30T13:21:52Z
oai:secundus.datadryad.org:10255/dryad.157,1,1,1,1,1,1,0,1,1,1,0,1,0,1,0,1,2008-06-16T13:22:01Z
oai:secundus.datadryad.org:10255/dryad.158,1,1,1,1,1,1,0,1,1,1,0,1,1,1,0,1,2008-06-17T20:31:23Z
oai:secundus.datadryad.org:10255/dryad.159,1,1,1,1,1,0,1,1,1,1,0,1,0,1,0,1,2008-06-18T15:34:59Z
oai:secundus.datadryad.org:10255/dryad.160,1,1,1,1,1,1,0,1,1,1,0,1,1,0,1,1,2008-06-18T15:54:50Z
oai:secundus.datadryad.org:10255/dryad.161,1,1,1,1,1,1,0,1,1,1,0,1,1,0,1,0,2008-06-18T16:02:31Z
oai:secundus.datadryad.org:10255/dryad.162,1,1,1,1,1,1,1,1,1,1,0,1,0,1,0,1,2008-06-18T16:25:54Z
oai:secundus.datadryad.org:10255/dryad.163,1,1,1,1,1,0,0,1,1,1,0,1,1,0,0,1,2008-07-28T19:37:15Z
oai:secundus.datadryad.org:10255/dryad.164,1,1,1,1,1,1,1,1,1,1,1,1,0,0,1,1,2008-07-29T21:10:09Z
oai:secundus.datadryad.org:10255/dryad.165,1,1,1,1,1,1,0,1,1,1,0,1,1,0,1,1,2008-07-29T21:13:19Z
oai:secundus.datadryad.org:10255/dryad.166,1,1,1,1,1,1,1,1,1,1,1,1,0,1,0,1,2008-07-30T14:56:12Z
oai:secundus.datadryad.org:10255/dryad.167,1,1,1,1,1,1,0,1,1,1,0,1,1,0,0,1,2008-07-30T15:04:01Z
oai:secundus.datadryad.org:10255/dryad.168,1,1,1,1,1,0,0,1,1,1,0,1,1,0,0,1,2008-07-30T21:17:22Z
oai:secundus.datadryad.org:10255/dryad.169,1,1,1,1,1,0,0,1,1,1,0,1,1,0,0,1,2008-07-30T21:34:51Z
oai:secundus.datadryad.org:10255/dryad.170,1,1,1,1,1,0,0,1,1,1,0,1,1,0,0,1,2008-08-06T19:05:42Z
oai:secundus.datadryad.org:10255/dryad.171,1,1,1,1,1,0,0,1,1,1,0,1,1,0,0,1,2008-08-06T19:21:50Z
oai:secundus.datadryad.org:10255/dryad.172,1,1,1,1,1,0,0,1,1,1,0,1,1,0,0,1,2008-08-06T19:22:41Z
oai:secundus.datadryad.org:10255/dryad.173,1,1,1,1,1,0,0,1,1,1,0,1,1,0,0,1,2008-08-06T19:23:29Z
oai:secundus.datadryad.org:10255/dryad.174,1,1,1,1,1,0,0,1,1,1,0,1,1,0,0,1,2008-08-06T19:24:18Z
oai:secundus.datadryad.org:10255/dryad.175,1,1,1,1,1,0,0,1,1,1,0,1,1,0,0,1,2008-08-06T19:24:45Z
oai:secundus.datadryad.org:10255/dryad.176,1,1,1,1,1,0,0,1,1,1,0,1,1,0,0,1,2008-08-06T19:25:20Z
oai:secundus.datadryad.org:10255/dryad.177,1,1,1,1,1,0,0,1,1,1,0,1,1,0,0,1,2008-08-06T19:26:24Z
oai:secundus.datadryad.org:10255/dryad.179,1,1,1,1,1,1,1,1,1,1,0,1,0,0,0,1,2008-09-18T17:53:25Z
oai:secundus.datadryad.org:10255/dryad.181,1,1,1,1,1,0,0,1,1,1,0,1,1,0,0,1,2008-09-19T18:28:56Z
oai:secundus.datadryad.org:10255/dryad.180,1,1,1,1,1,1,0,1,1,1,0,1,1,0,1,1,2008-09-19T18:07:19Z
oai:secundus.datadryad.org:10255/dryad.182,1,1,1,1,1,1,0,1,1,1,0,1,1,0,1,1,2008-09-23T16:59:20Z
oai:secundus.datadryad.org:10255/dryad.183,1,1,1,1,1,1,0,1,1,1,0,1,1,0,1,1,2008-09-23T17:17:57Z
oai:secundus.datadryad.org:10255/dryad.184,1,1,1,1,1,1,0,1,1,1,0,1,1,0,1,1,2008-09-23T18:00:45Z
oai:secundus.datadryad.org:10255/dryad.185,1,1,1,1,1,1,0,1,1,1,0,1,1,0,1,1,2008-09-25T17:33:02Z
oai:secundus.datadryad.org:10255/dryad.186,1,1,1,1,1,1,0,1,1,1,0,1,1,0,1,1,2008-09-26T15:19:53Z
oai:secundus.datadryad.org:10255/dryad.188,1,1,1,1,1,0,0,1,1,1,0,1,1,0,1,1,2008-09-26T15:52:57Z
oai:secundus.datadryad.org:10255/dryad.189,1,1,1,1,1,0,0,1,1,1,0,1,1,0,1,1,2008-09-26T15:58:17Z
oai:secundus.datadryad.org:10255/dryad.190,1,1,1,1,1,0,0,1,1,1,0,1,1,0,1,1,2008-09-30T16:29:15Z
oai:secundus.datadryad.org:10255/dryad.191,1,1,1,1,1,0,0,1,1,1,0,1,1,0,1,1,2008-09-30T16:39:48Z
oai:secundus.datadryad.org:10255/dryad.192,1,1,1,1,1,0,0,1,1,1,0,1,1,0,1,1,2008-09-30T16:45:37Z
oai:secundus.datadryad.org:10255/dryad.193,1,1,1,1,1,0,0,1,1,1,0,1,1,0,1,1,2008-09-30T17:13:31Z
oai:secundus.datadryad.org:10255/dryad.194,1,1,1,1,1,0,0,1,1,1,0,1,1,0,1,1,2008-09-30T17:17:00Z
oai:secundus.datadryad.org:10255/dryad.195,1,1,1,1,1,0,0,1,1,1,0,1,1,0,1,1,2008-09-30T17:24:00Z
oai:secundus.datadryad.org:10255/dryad.196,1,1,1,1,1,0,0,1,1,1,0,1,1,0,1,1,2008-09-30T17:30:38Z
oai:secundus.datadryad.org:10255/dryad.197,1,1,1,1,1,1,0,1,1,1,0,1,1,0,1,1,2008-10-02T16:33:51Z
oai:secundus.datadryad.org:10255/dryad.198,1,1,1,1,1,1,0,1,1,1,0,1,1,0,1,1,2008-10-02T16:48:46Z
oai:secundus.datadryad.org:10255/dryad.199,1,1,1,1,1,1,0,1,1,1,0,1,1,0,1,1,2008-10-02T17:33:58Z
oai:secundus.datadryad.org:10255/dryad.200,1,1,1,1,1,1,0,1,1,1,0,1,1,0,1,1,2008-10-02T17:39:41Z
oai:secundus.datadryad.org:10255/dryad.201,1,1,1,1,1,1,0,1,1,1,0,1,1,0,1,1,2008-10-02T17:46:30Z
oai:secundus.datadryad.org:10255/dryad.202,1,1,1,1,1,1,0,1,1,1,0,1,1,0,1,1,2008-10-02T17:55:32Z
oai:secundus.datadryad.org:10255/dryad.203,1,1,1,1,1,1,0,1,1,1,0,1,1,0,1,1,2008-10-03T16:08:33Z
oai:secundus.datadryad.org:10255/dryad.204,1,1,1,1,1,1,0,1,1,1,0,1,1,0,1,1,2008-10-03T16:12:49Z
oai:secundus.datadryad.org:10255/dryad.205,1,1,1,1,1,1,0,1,1,1,0,1,1,0,1,1,2008-10-03T16:17:20Z
oai:secundus.datadryad.org:10255/dryad.206,1,1,1,1,1,1,0,1,1,1,0,1,1,0,0,0,2008-10-10T17:57:35Z
oai:secundus.datadryad.org:10255/dryad.207,1,1,1,1,1,1,0,1,1,1,0,1,1,0,0,0,2008-10-10T18:33:49Z
oai:secundus.datadryad.org:10255/dryad.208,1,1,1,1,1,1,0,1,1,1,0,1,1,0,0,0,2008-10-10T18:40:05Z
oai:secundus.datadryad.org:10255/dryad.209,1,1,1,1,1,1,0,1,1,1,0,1,1,0,0,0,2008-10-10T18:44:46Z
oai:secundus.datadryad.org:10255/dryad.210,1,1,1,1,1,1,0,1,1,1,0,1,1,0,0,0,2008-10-16T17:44:38Z
oai:secundus.datadryad.org:10255/dryad.211,1,1,1,1,1,1,0,1,1,1,0,1,1,0,0,0,2008-10-16T17:47:28Z
oai:secundus.datadryad.org:10255/dryad.212,1,1,1,1,1,1,0,1,1,1,0,1,1,0,0,0,2008-10-16T17:50:36Z
oai:secundus.datadryad.org:10255/dryad.213,1,1,1,1,1,0,0,1,1,1,0,1,1,0,0,0,2008-10-16T17:56:10Z
oai:secundus.datadryad.org:10255/dryad.214,1,1,1,1,1,0,0,1,1,1,0,1,1,0,0,0,2008-10-16T17:58:12Z
oai:secundus.datadryad.org:10255/dryad.215,1,1,1,1,1,0,0,1,1,1,0,1,1,0,0,0,2008-10-16T18:00:31Z
oai:secundus.datadryad.org:10255/dryad.216,1,1,1,1,1,0,0,1,1,1,0,1,1,0,0,0,2008-10-16T18:02:06Z
oai:secundus.datadryad.org:10255/dryad.217,1,1,1,1,1,0,0,1,1,1,0,1,1,0,0,0,2008-10-16T18:04:07Z
oai:secundus.datadryad.org:10255/dryad.218,1,1,1,1,1,0,0,1,1,1,0,1,1,0,0,0,2008-10-16T18:07:00Z
oai:secundus.datadryad.org:10255/dryad.219,1,1,1,1,1,0,0,1,1,1,0,1,1,0,0,0,2008-10-16T18:08:39Z
oai:secundus.datadryad.org:10255/dryad.220,1,1,1,1,1,0,0,1,1,1,0,1,1,0,0,0,2008-10-16T18:12:05Z
oai:secundus.datadryad.org:10255/dryad.222,1,1,1,1,1,1,0,1,1,1,0,1,1,0,1,1,2008-11-01T15:00:46Z
oai:secundus.datadryad.org:10255/dryad.223,1,1,1,1,1,1,0,1,1,1,1,1,0,0,1,1,2008-11-01T15:28:25Z
oai:secundus.datadryad.org:10255/dryad.228,1,1,1,1,1,1,0,1,1,1,0,1,1,0,0,0,2009-01-30T16:23:57Z
oai:secundus.datadryad.org:10255/dryad.229,1,1,1,1,1,1,0,1,1,1,0,1,1,0,0,0,2009-01-30T16:24:06Z
oai:secundus.datadryad.org:10255/dryad.230,1,1,1,1,1,1,0,1,1,1,0,1,1,0,0,0,2009-01-30T16:26:07Z
oai:secundus.datadryad.org:10255/dryad.231,1,1,1,1,1,1,0,1,1,1,0,1,1,0,0,0,2009-01-30T16:28:32Z
oai:secundus.datadryad.org:10255/dryad.232,1,1,1,1,1,1,0,1,1,1,0,1,1,0,0,0,2009-01-30T16:30:30Z
oai:secundus.datadryad.org:10255/dryad.233,1,1,1,1,1,1,0,1,1,1,0,1,1,0,0,0,2009-01-30T16:41:08Z
oai:secundus.datadryad.org:10255/dryad.234,1,1,1,1,1,1,0,1,1,1,0,1,0,0,0,1,2009-02-04T23:35:24Z
oai:secundus.datadryad.org:10255/dryad.235,1,1,1,1,1,1,0,1,1,1,1,1,1,0,0,1,2009-02-04T23:35:32Z
oai:secundus.datadryad.org:10255/dryad.236,1,1,1,1,1,1,0,1,1,1,0,1,1,0,0,0,2009-02-05T16:21:48Z
oai:secundus.datadryad.org:10255/dryad.238,1,1,1,1,1,1,0,1,1,1,0,1,1,0,0,0,2009-02-05T17:11:00Z
oai:secundus.datadryad.org:10255/dryad.239,1,1,1,1,1,1,0,1,1,1,0,1,1,0,0,0,2009-02-05T17:11:05Z
oai:secundus.datadryad.org:10255/dryad.240,1,1,1,1,1,1,0,1,1,1,0,1,1,0,0,0,2009-02-05T17:11:09Z
oai:secundus.datadryad.org:10255/dryad.237,1,1,1,1,1,1,0,1,1,1,0,1,1,0,0,0,2009-02-05T17:10:52Z
oai:secundus.datadryad.org:10255/dryad.241,1,1,1,1,1,1,0,1,1,1,0,1,1,0,0,0,2009-02-05T17:11:13Z
oai:secundus.datadryad.org:10255/dryad.242,1,1,1,1,1,1,0,1,1,1,0,1,1,0,0,0,2009-02-05T17:11:17Z
oai:secundus.datadryad.org:10255/dryad.243,1,1,1,1,1,1,0,1,1,1,0,1,1,0,0,0,2009-02-05T17:11:24Z
oai:secundus.datadryad.org:10255/dryad.244,1,1,1,1,1,1,0,1,1,1,0,1,1,0,0,0,2009-02-05T17:11:28Z
oai:secundus.datadryad.org:10255/dryad.245,1,1,1,1,1,1,0,1,1,1,0,1,1,0,0,0,2009-02-05T17:11:32Z
oai:secundus.datadryad.org:10255/dryad.246,1,1,1,1,1,1,0,1,1,1,0,1,1,0,0,0,2009-02-06T15:59:27Z
oai:secundus.datadryad.org:10255/dryad.247,1,1,1,1,1,1,0,1,1,1,0,1,1,0,0,0,2009-02-06T15:59:30Z
oai:secundus.datadryad.org:10255/dryad.248,1,1,1,1,1,1,0,1,1,0,0,1,1,0,0,0,2009-02-06T15:59:33Z
oai:secundus.datadryad.org:10255/dryad.249,1,1,1,1,1,1,0,1,1,1,0,1,1,0,0,0,2009-02-06T15:59:35Z
oai:secundus.datadryad.org:10255/dryad.250,1,1,1,1,1,1,0,1,1,1,0,1,1,0,0,0,2009-02-06T15:59:38Z
oai:secundus.datadryad.org:10255/dryad.251,1,1,1,1,1,1,0,1,1,1,0,1,1,0,0,0,2009-02-06T15:59:40Z
oai:secundus.datadryad.org:10255/dryad.252,1,1,1,1,1,1,0,1,1,1,0,1,1,0,0,0,2009-02-06T15:59:42Z
oai:secundus.datadryad.org:10255/dryad.253,1,1,1,1,1,1,0,1,1,1,0,1,1,0,0,0,2009-02-06T16:09:31Z
oai:secundus.datadryad.org:10255/dryad.254,1,1,1,1,1,1,0,1,1,1,0,1,1,0,0,0,2009-02-06T16:09:33Z
oai:secundus.datadryad.org:10255/dryad.316,1,1,1,1,1,0,0,1,1,1,0,1,1,0,0,1,2009-04-20T21:15:57Z
oai:secundus.datadryad.org:10255/dryad.315,1,1,1,1,1,1,0,1,1,1,1,1,0,0,0,1,2009-04-20T21:15:59Z
oai:secundus.datadryad.org:10255/dryad.356,1,1,1,1,1,0,0,1,1,1,0,1,1,0,0,1,2009-04-24T13:51:03Z
oai:secundus.datadryad.org:10255/dryad.355,1,1,1,1,1,1,0,1,1,1,1,1,0,0,0,1,2009-04-24T13:51:06Z
oai:secundus.datadryad.org:10255/dryad.384,1,1,1,1,1,0,0,1,1,1,0,1,1,0,0,1,2009-05-01T16:50:27Z
oai:secundus.datadryad.org:10255/dryad.385,1,1,1,1,1,0,0,1,1,1,0,1,1,0,0,1,2009-05-01T16:50:29Z
oai:secundus.datadryad.org:10255/dryad.383,1,1,1,1,1,1,0,1,1,1,1,1,0,0,0,1,2009-05-01T16:50:32Z
oai:secundus.datadryad.org:10255/dryad.390,1,1,1,1,1,0,0,1,1,1,0,1,1,0,0,1,2009-05-04T17:40:11Z
oai:secundus.datadryad.org:10255/dryad.389,1,1,1,1,1,1,0,1,1,1,1,1,0,0,0,1,2009-05-04T17:40:14Z
oai:secundus.datadryad.org:10255/dryad.394,1,1,1,1,1,0,0,1,1,1,0,1,1,0,0,1,2009-05-06T19:17:46Z
oai:secundus.datadryad.org:10255/dryad.393,1,1,1,1,1,1,0,1,1,1,1,1,0,0,0,1,2009-05-06T19:17:49Z
oai:secundus.datadryad.org:10255/dryad.398,1,1,1,1,1,0,0,1,1,1,0,1,1,0,0,1,2009-05-08T17:35:17Z
oai:secundus.datadryad.org:10255/dryad.397,1,1,1,1,1,1,0,1,1,1,1,1,0,0,0,1,2009-05-08T17:35:19Z
oai:secundus.datadryad.org:10255/dryad.402,1,1,1,1,1,0,0,1,1,1,0,1,1,0,0,1,2009-05-09T20:37:44Z
oai:secundus.datadryad.org:10255/dryad.403,1,1,1,1,1,0,0,1,1,1,0,1,1,0,0,1,2009-05-09T20:37:45Z
oai:secundus.datadryad.org:10255/dryad.404,1,1,1,1,1,0,0,1,1,1,0,1,1,0,0,1,2009-05-09T20:37:46Z
oai:secundus.datadryad.org:10255/dryad.405,1,1,1,1,1,0,0,1,1,1,0,1,1,0,0,1,2009-05-09T20:37:47Z
oai:secundus.datadryad.org:10255/dryad.401,1,1,1,1,1,1,0,1,1,1,1,1,0,0,0,1,2009-05-09T20:37:48Z
oai:secundus.datadryad.org:10255/dryad.409,1,1,1,1,1,0,0,1,1,1,0,1,1,0,0,1,2009-05-09T20:45:21Z
oai:secundus.datadryad.org:10255/dryad.408,1,1,1,1,1,1,0,1,1,1,1,1,0,0,0,1,2009-05-09T20:45:23Z
oai:secundus.datadryad.org:10255/dryad.413,1,1,1,1,1,0,0,1,1,1,0,1,1,0,0,1,2009-05-09T20:52:46Z
oai:secundus.datadryad.org:10255/dryad.412,1,1,1,1,1,1,0,1,1,1,1,1,0,0,0,1,2009-05-09T20:52:48Z
oai:secundus.datadryad.org:10255/dryad.417,1,1,1,1,1,1,0,1,1,1,0,1,1,0,0,1,2009-05-13T18:16:26Z
oai:secundus.datadryad.org:10255/dryad.418,1,1,1,1,1,0,0,1,1,1,0,1,1,0,0,1,2009-05-13T18:16:27Z
oai:secundus.datadryad.org:10255/dryad.419,1,1,1,1,1,0,0,1,1,1,0,1,1,0,0,1,2009-05-13T18:16:27Z
oai:secundus.datadryad.org:10255/dryad.420,1,1,1,1,1,0,0,1,1,1,0,1,1,0,0,1,2009-05-13T18:16:28Z
oai:secundus.datadryad.org:10255/dryad.421,1,1,1,1,1,0,0,1,1,1,0,1,1,0,0,1,2009-05-13T18:16:28Z
oai:secundus.datadryad.org:10255/dryad.422,1,1,1,1,1,0,0,1,1,1,0,1,1,0,0,1,2009-05-13T18:16:29Z
oai:secundus.datadryad.org:10255/dryad.423,1,1,1,1,1,0,0,1,1,1,0,1,1,0,0,1,2009-05-13T18:16:29Z
oai:secundus.datadryad.org:10255/dryad.416,1,1,1,1,1,1,0,1,1,1,1,1,0,0,0,1,2009-05-13T18:16:31Z
oai:secundus.datadryad.org:10255/dryad.476,1,1,1,1,1,1,0,1,1,1,0,1,1,0,0,0,2009-05-20T16:13:51Z
oai:secundus.datadryad.org:10255/dryad.477,1,1,1,1,1,1,0,1,1,1,0,1,1,0,0,0,2009-05-20T16:13:51Z
oai:secundus.datadryad.org:10255/dryad.478,1,1,1,1,1,1,0,1,1,1,0,1,1,0,0,1,2009-05-20T16:13:52Z
oai:secundus.datadryad.org:10255/dryad.479,1,1,1,1,1,1,0,1,1,1,0,1,1,0,0,0,2009-05-20T16:13:53Z
oai:secundus.datadryad.org:10255/dryad.475,1,1,1,1,1,1,0,1,1,1,1,1,0,0,0,0,2009-05-20T16:13:54Z
oai:secundus.datadryad.org:10255/dryad.482,1,1,1,1,1,0,0,1,1,1,0,1,1,0,1,1,2009-05-21T15:23:19Z
oai:secundus.datadryad.org:10255/dryad.481,1,1,1,1,1,1,0,1,1,1,1,1,0,0,1,1,2009-05-21T15:23:21Z
oai:secundus.datadryad.org:10255/dryad.485,1,1,1,1,1,0,0,1,1,1,0,1,1,0,0,1,2009-05-22T14:03:10Z
oai:secundus.datadryad.org:10255/dryad.484,1,1,1,1,1,1,0,1,1,1,1,1,0,0,0,1,2009-05-22T14:03:13Z
oai:secundus.datadryad.org:10255/dryad.488,1,1,1,1,1,1,0,1,1,1,0,1,1,0,0,1,2009-05-28T18:46:05Z
oai:secundus.datadryad.org:10255/dryad.487,1,1,1,1,1,1,0,1,1,1,1,1,0,0,1,1,2009-05-28T18:46:07Z
oai:secundus.datadryad.org:10255/dryad.492,1,1,1,1,1,0,0,1,1,1,0,1,1,0,0,1,2009-06-05T20:09:29Z
oai:secundus.datadryad.org:10255/dryad.491,1,1,1,1,1,1,0,1,1,1,1,1,0,0,0,1,2009-06-05T20:09:31Z
oai:secundus.datadryad.org:10255/dryad.503,1,1,1,1,1,0,0,1,1,1,0,1,1,0,0,1,2009-06-07T23:03:45Z
oai:secundus.datadryad.org:10255/dryad.502,1,1,1,1,1,1,0,1,1,1,1,1,0,0,0,1,2009-06-07T23:03:47Z
oai:secundus.datadryad.org:10255/dryad.506,1,1,1,1,1,0,0,1,1,1,0,1,1,0,0,1,2009-06-07T23:29:16Z
oai:secundus.datadryad.org:10255/dryad.507,1,1,1,1,1,0,0,1,1,1,0,1,1,0,0,1,2009-06-07T23:29:17Z
oai:secundus.datadryad.org:10255/dryad.505,1,1,1,1,1,1,0,1,1,1,1,1,0,0,0,1,2009-06-07T23:29:19Z
oai:secundus.datadryad.org:10255/dryad.510,1,1,1,1,1,0,0,1,1,1,0,1,1,0,0,1,2009-06-07T23:47:27Z
oai:secundus.datadryad.org:10255/dryad.509,1,1,1,1,1,1,0,1,1,1,1,1,0,0,0,1,2009-06-07T23:47:29Z
oai:secundus.datadryad.org:10255/dryad.513,1,1,1,1,1,1,0,1,1,1,0,1,1,0,1,1,2009-06-10T19:52:39Z
oai:secundus.datadryad.org:10255/dryad.514,1,1,1,1,1,1,0,1,1,1,0,1,1,0,1,1,2009-06-10T19:52:40Z
oai:secundus.datadryad.org:10255/dryad.515,1,1,1,1,1,1,0,1,1,1,0,1,1,0,1,1,2009-06-10T19:52:41Z
oai:secundus.datadryad.org:10255/dryad.516,1,1,1,1,1,0,0,1,1,1,0,1,1,0,1,1,2009-06-10T19:52:41Z
oai:secundus.datadryad.org:10255/dryad.512,1,1,1,1,1,1,0,1,1,1,1,1,0,0,1,1,2009-06-10T19:52:43Z
oai:secundus.datadryad.org:10255/dryad.518,1,1,1,1,1,0,0,1,1,1,0,1,1,0,0,1,2009-06-12T18:45:15Z
oai:secundus.datadryad.org:10255/dryad.520,1,1,1,1,1,0,0,1,1,1,0,1,1,0,0,0,2009-06-12T19:08:04Z
oai:secundus.datadryad.org:10255/dryad.519,1,1,1,1,1,0,0,1,1,1,1,1,0,0,0,0,2009-06-12T19:08:07Z
oai:secundus.datadryad.org:10255/dryad.522,1,1,1,1,1,1,0,1,1,1,1,1,0,0,0,1,2009-06-12T19:22:48Z
oai:secundus.datadryad.org:10255/dryad.524,1,1,1,1,1,1,0,1,1,1,0,1,1,0,0,1,2009-06-12T22:18:59Z
oai:secundus.datadryad.org:10255/dryad.523,1,1,1,1,1,1,0,1,1,1,1,1,0,0,0,1,2009-06-12T22:19:01Z
oai:secundus.datadryad.org:10255/dryad.528,1,1,1,1,1,0,0,1,1,1,0,1,1,0,0,1,2009-06-12T22:28:13Z
oai:secundus.datadryad.org:10255/dryad.527,1,1,1,1,1,1,0,1,1,1,1,1,0,0,0,1,2009-06-12T22:28:17Z
oai:secundus.datadryad.org:10255/dryad.531,1,1,1,1,1,0,0,1,1,1,0,1,1,0,0,1,2009-06-12T22:50:54Z
oai:secundus.datadryad.org:10255/dryad.530,1,1,1,1,1,1,0,1,1,1,1,1,0,0,0,1,2009-06-12T22:50:57Z
oai:secundus.datadryad.org:10255/dryad.535,1,1,1,1,1,0,0,1,1,1,0,1,1,0,0,1,2009-06-12T23:00:19Z
oai:secundus.datadryad.org:10255/dryad.534,1,1,1,1,1,1,0,1,1,1,1,1,0,0,0,1,2009-06-12T23:00:22Z
oai:secundus.datadryad.org:10255/dryad.538,1,1,1,1,1,0,0,1,1,1,0,1,1,0,1,1,2009-06-12T23:18:58Z
oai:secundus.datadryad.org:10255/dryad.537,1,1,1,1,1,1,0,1,1,1,1,1,0,0,1,1,2009-06-12T23:19:01Z
oai:secundus.datadryad.org:10255/dryad.541,1,1,1,1,1,0,0,1,1,1,0,1,1,0,0,1,2009-06-13T20:01:22Z
oai:secundus.datadryad.org:10255/dryad.542,1,1,1,1,1,0,0,1,1,1,0,1,1,0,0,1,2009-06-13T20:01:23Z
oai:secundus.datadryad.org:10255/dryad.540,1,1,1,1,1,1,0,1,1,1,1,1,0,0,0,1,2009-06-13T20:01:25Z
oai:secundus.datadryad.org:10255/dryad.545,1,1,1,1,1,0,0,1,1,1,0,1,1,0,0,1,2009-06-13T20:33:06Z
oai:secundus.datadryad.org:10255/dryad.546,1,1,1,1,1,0,0,1,1,1,0,1,1,0,0,1,2009-06-13T20:33:07Z
oai:secundus.datadryad.org:10255/dryad.549,1,1,1,1,1,0,0,1,1,1,0,1,1,0,0,1,2009-06-13T21:19:08Z
oai:secundus.datadryad.org:10255/dryad.552,1,1,1,1,1,0,0,1,1,1,0,1,1,0,0,0,2009-06-13T21:32:24Z
oai:secundus.datadryad.org:10255/dryad.551,1,1,1,1,1,1,0,1,1,1,1,1,0,0,0,1,2009-06-13T21:32:27Z
oai:secundus.datadryad.org:10255/dryad.555,1,1,1,1,1,0,0,1,1,1,0,1,1,0,0,1,2009-06-13T21:51:51Z
oai:secundus.datadryad.org:10255/dryad.559,1,1,1,1,1,0,0,1,1,1,0,1,1,0,0,1,2009-06-15T21:22:01Z
oai:secundus.datadryad.org:10255/dryad.558,1,1,1,1,1,1,0,1,1,1,1,1,0,0,0,1,2009-06-15T21:22:04Z
oai:secundus.datadryad.org:10255/dryad.562,1,1,1,1,1,0,0,1,1,1,0,1,1,0,0,1,2009-06-15T21:28:37Z
oai:secundus.datadryad.org:10255/dryad.561,1,1,1,1,1,1,0,1,1,1,1,1,0,0,0,1,2009-06-15T21:28:40Z
oai:secundus.datadryad.org:10255/dryad.565,1,1,1,1,1,1,0,1,1,1,0,1,1,0,0,1,2009-06-16T20:11:05Z
oai:secundus.datadryad.org:10255/dryad.564,1,1,1,1,1,1,0,1,1,1,1,1,0,0,0,1,2009-06-16T20:11:08Z
oai:secundus.datadryad.org:10255/dryad.569,1,1,1,1,1,0,0,1,1,1,0,1,1,0,0,0,2009-06-16T20:26:11Z
oai:secundus.datadryad.org:10255/dryad.568,1,1,1,1,1,1,0,1,1,1,1,1,0,0,0,0,2009-06-16T20:26:14Z
oai:secundus.datadryad.org:10255/dryad.572,1,1,1,1,1,0,0,1,1,1,0,1,1,0,0,1,2009-06-16T20:31:25Z
oai:secundus.datadryad.org:10255/dryad.571,1,1,1,1,1,1,0,1,1,1,1,1,0,0,0,1,2009-06-16T20:31:28Z
oai:secundus.datadryad.org:10255/dryad.576,1,1,1,1,1,0,0,1,1,1,0,1,1,0,0,1,2009-06-17T19:47:59Z
oai:secundus.datadryad.org:10255/dryad.577,1,1,1,1,1,0,0,1,1,1,0,1,1,0,0,1,2009-06-17T19:48:00Z
oai:secundus.datadryad.org:10255/dryad.578,1,1,1,1,1,0,0,1,1,1,0,1,1,0,0,1,2009-06-17T19:48:01Z
oai:secundus.datadryad.org:10255/dryad.579,1,1,1,1,1,0,0,1,1,1,0,1,1,0,0,1,2009-06-17T19:48:01Z
oai:secundus.datadryad.org:10255/dryad.580,1,1,1,1,1,0,0,1,1,1,0,1,1,0,0,1,2009-06-17T19:48:01Z
oai:secundus.datadryad.org:10255/dryad.581,1,1,1,1,1,0,0,1,1,1,0,1,1,0,0,1,2009-06-17T19:48:02Z
oai:secundus.datadryad.org:10255/dryad.582,1,1,1,1,1,0,0,1,1,1,0,1,1,0,0,1,2009-06-17T19:48:02Z
oai:secundus.datadryad.org:10255/dryad.575,1,1,1,1,1,1,0,1,1,1,1,1,0,0,0,1,2009-06-17T19:48:05Z
oai:secundus.datadryad.org:10255/dryad.585,1,1,1,1,1,0,0,1,1,1,0,1,1,0,0,1,2009-06-17T19:53:13Z
oai:secundus.datadryad.org:10255/dryad.584,1,1,1,1,1,1,0,1,1,1,1,1,0,0,0,1,2009-06-17T19:53:16Z
oai:secundus.datadryad.org:10255/dryad.588,1,1,1,1,1,0,0,1,1,1,0,1,1,0,0,1,2009-06-17T19:59:17Z
oai:secundus.datadryad.org:10255/dryad.587,1,1,1,1,1,1,0,1,1,1,1,1,0,0,0,1,2009-06-17T19:59:20Z
oai:secundus.datadryad.org:10255/dryad.591,1,1,1,1,1,0,0,1,1,1,0,1,1,0,0,1,2009-06-17T20:12:03Z
oai:secundus.datadryad.org:10255/dryad.590,1,1,1,1,1,1,0,1,1,1,1,1,0,0,0,1,2009-06-17T20:12:07Z
oai:secundus.datadryad.org:10255/dryad.594,1,1,1,1,1,1,0,1,1,1,0,1,1,0,0,1,2009-06-17T20:24:54Z
oai:secundus.datadryad.org:10255/dryad.593,1,1,1,1,1,1,0,1,1,1,1,1,0,0,0,1,2009-06-17T20:24:57Z
oai:secundus.datadryad.org:10255/dryad.597,1,1,1,1,1,0,0,1,1,1,0,1,1,0,0,1,2009-06-18T20:54:10Z
oai:secundus.datadryad.org:10255/dryad.596,1,1,1,1,1,1,0,1,1,1,1,1,0,0,0,1,2009-06-18T20:54:14Z
oai:secundus.datadryad.org:10255/dryad.600,1,1,1,1,1,0,0,1,1,1,0,1,1,0,0,1,2009-06-19T19:07:29Z
oai:secundus.datadryad.org:10255/dryad.601,1,1,1,1,1,0,0,1,1,1,0,1,1,0,0,1,2009-06-19T19:07:29Z
oai:secundus.datadryad.org:10255/dryad.602,1,1,1,1,1,0,0,1,1,1,0,1,1,0,0,1,2009-06-19T19:07:30Z
oai:secundus.datadryad.org:10255/dryad.603,1,1,1,1,1,1,0,1,1,1,1,1,0,0,0,1,2009-06-20T20:55:54Z
oai:secundus.datadryad.org:10255/dryad.605,1,1,1,1,1,0,0,1,1,1,0,1,1,0,0,1,2009-06-20T22:44:18Z
oai:secundus.datadryad.org:10255/dryad.604,1,1,1,1,1,1,0,1,1,1,1,1,0,0,0,1,2009-06-20T22:44:22Z
oai:secundus.datadryad.org:10255/dryad.610,1,1,1,1,1,0,0,1,1,1,0,1,1,0,0,1,2009-06-20T23:02:04Z
oai:secundus.datadryad.org:10255/dryad.609,1,1,1,1,1,1,0,1,1,1,1,1,0,0,0,1,2009-06-20T23:02:07Z
oai:secundus.datadryad.org:10255/dryad.613,1,1,1,1,1,0,0,1,1,1,0,1,1,0,0,1,2009-06-20T23:12:45Z
oai:secundus.datadryad.org:10255/dryad.612,1,1,1,1,1,1,0,1,1,1,1,1,0,0,0,1,2009-06-20T23:12:49Z
oai:secundus.datadryad.org:10255/dryad.616,1,1,1,1,1,0,0,1,1,1,0,1,1,0,0,1,2009-06-20T23:25:01Z
oai:secundus.datadryad.org:10255/dryad.615,1,1,1,1,1,1,0,1,1,1,1,1,0,0,0,1,2009-06-20T23:25:08Z
oai:secundus.datadryad.org:10255/dryad.619,1,1,1,1,1,0,0,1,1,1,0,1,1,0,0,1,2009-06-20T23:36:04Z
oai:secundus.datadryad.org:10255/dryad.620,1,1,1,1,1,0,0,1,1,1,0,1,1,0,0,1,2009-06-20T23:36:05Z
oai:secundus.datadryad.org:10255/dryad.621,1,1,1,1,1,0,0,1,1,1,0,1,1,0,0,1,2009-06-20T23:36:06Z
oai:secundus.datadryad.org:10255/dryad.618,1,1,1,1,1,1,0,1,1,1,1,1,0,0,0,1,2009-06-20T23:36:09Z
oai:secundus.datadryad.org:10255/dryad.624,1,1,1,1,1,0,0,1,1,1,0,1,1,0,0,1,2009-06-20T23:47:35Z
oai:secundus.datadryad.org:10255/dryad.623,1,1,1,1,1,1,0,1,1,1,1,1,0,0,0,1,2009-06-20T23:47:39Z
oai:secundus.datadryad.org:10255/dryad.628,1,1,1,1,1,0,0,1,1,1,0,1,1,0,0,1,2009-06-21T00:27:17Z
oai:secundus.datadryad.org:10255/dryad.627,1,1,1,1,1,1,0,1,1,1,1,1,0,0,0,1,2009-06-21T00:27:20Z
oai:secundus.datadryad.org:10255/dryad.631,1,1,1,1,1,0,0,1,1,1,0,1,1,0,0,1,2009-06-21T00:58:16Z
oai:secundus.datadryad.org:10255/dryad.632,1,1,1,1,1,0,0,1,1,1,0,1,1,0,0,1,2009-06-21T00:58:17Z
oai:secundus.datadryad.org:10255/dryad.633,1,1,1,1,1,0,0,1,1,1,0,1,1,0,0,1,2009-06-21T00:58:17Z
oai:secundus.datadryad.org:10255/dryad.634,1,1,1,1,1,0,0,1,1,1,0,1,1,0,0,1,2009-06-21T00:58:17Z
oai:secundus.datadryad.org:10255/dryad.635,1,1,1,1,1,0,0,1,1,1,0,1,1,0,0,1,2009-06-21T00:58:18Z
oai:secundus.datadryad.org:10255/dryad.630,1,1,1,1,1,1,0,1,1,1,1,1,0,0,0,1,2009-06-21T00:58:21Z
oai:secundus.datadryad.org:10255/dryad.638,1,1,1,1,1,0,0,1,1,1,0,1,1,0,0,0,2009-06-21T20:53:53Z
oai:secundus.datadryad.org:10255/dryad.639,1,1,1,1,1,0,0,1,1,1,0,1,1,0,0,0,2009-06-21T20:53:53Z
oai:secundus.datadryad.org:10255/dryad.637,1,1,1,1,1,1,0,1,1,1,1,1,0,0,0,1,2009-06-21T20:53:57Z
oai:secundus.datadryad.org:10255/dryad.643,1,1,1,1,1,1,0,1,1,1,0,1,1,0,0,1,2009-06-21T21:43:05Z
oai:secundus.datadryad.org:10255/dryad.642,1,1,1,1,1,1,0,1,1,1,1,1,0,0,0,1,2009-06-21T21:43:09Z
oai:secundus.datadryad.org:10255/dryad.647,1,1,1,1,1,0,0,1,1,1,0,1,1,0,0,1,2009-06-22T21:16:09Z
oai:secundus.datadryad.org:10255/dryad.648,1,1,1,1,1,0,0,1,1,1,0,1,1,0,0,1,2009-06-22T21:16:10Z
oai:secundus.datadryad.org:10255/dryad.646,1,1,1,1,1,1,0,1,1,1,1,1,0,0,0,1,2009-06-22T21:16:14Z
oai:secundus.datadryad.org:10255/dryad.651,1,1,1,1,1,0,0,1,1,1,0,1,1,0,0,1,2009-06-22T21:20:46Z
oai:secundus.datadryad.org:10255/dryad.650,1,1,1,1,1,1,0,1,1,1,1,1,0,0,0,1,2009-06-22T21:20:52Z
oai:secundus.datadryad.org:10255/dryad.654,1,1,1,1,1,0,0,1,1,1,0,1,1,0,0,1,2009-06-22T21:32:34Z
oai:secundus.datadryad.org:10255/dryad.653,1,1,1,1,1,1,0,1,1,1,1,1,0,0,0,1,2009-06-22T21:32:37Z
oai:secundus.datadryad.org:10255/dryad.657,1,1,1,1,1,0,0,1,1,1,0,1,1,0,0,1,2009-06-23T01:28:08Z
oai:secundus.datadryad.org:10255/dryad.658,1,1,1,1,1,0,0,1,1,1,0,1,1,0,0,1,2009-06-23T01:28:09Z
oai:secundus.datadryad.org:10255/dryad.659,1,1,1,1,1,0,0,1,1,1,0,1,1,0,0,1,2009-06-23T01:28:09Z
oai:secundus.datadryad.org:10255/dryad.660,1,1,1,1,1,0,0,1,1,1,0,1,1,0,0,1,2009-06-23T01:28:09Z
oai:secundus.datadryad.org:10255/dryad.661,1,1,1,1,1,0,0,1,1,1,0,1,1,0,0,1,2009-06-23T01:28:10Z
oai:secundus.datadryad.org:10255/dryad.662,1,1,1,1,1,0,0,1,1,1,0,1,1,0,0,1,2009-06-23T01:28:10Z
oai:secundus.datadryad.org:10255/dryad.656,1,1,1,1,1,1,0,1,1,1,1,1,0,0,0,1,2009-06-23T01:28:14Z
oai:secundus.datadryad.org:10255/dryad.666,1,1,1,1,1,0,0,1,1,1,0,1,1,0,0,1,2009-06-23T21:16:52Z
oai:secundus.datadryad.org:10255/dryad.667,1,1,1,1,1,0,0,1,1,1,0,1,1,0,0,1,2009-06-23T21:16:53Z
oai:secundus.datadryad.org:10255/dryad.665,1,1,1,1,1,1,0,1,1,1,1,1,0,0,0,1,2009-06-23T21:16:56Z
oai:secundus.datadryad.org:10255/dryad.669,1,1,1,1,1,0,0,1,1,1,0,1,1,0,0,1,2009-06-23T21:26:28Z
oai:secundus.datadryad.org:10255/dryad.670,1,1,1,1,1,1,0,1,1,1,1,1,0,0,0,1,2009-06-23T23:31:44Z
oai:secundus.datadryad.org:10255/dryad.672,1,1,1,1,1,0,0,1,1,1,0,1,1,0,0,1,2009-06-24T00:14:53Z
oai:secundus.datadryad.org:10255/dryad.671,1,1,1,1,1,1,0,1,1,1,1,1,0,0,0,1,2009-06-24T00:14:57Z
oai:secundus.datadryad.org:10255/dryad.675,1,1,1,1,1,0,0,1,1,1,0,1,1,0,0,1,2009-06-30T01:35:56Z
oai:secundus.datadryad.org:10255/dryad.674,1,1,1,1,1,1,0,1,1,1,1,1,0,0,0,1,2009-06-30T01:36:02Z
oai:secundus.datadryad.org:10255/dryad.679,1,1,1,1,1,0,0,1,1,1,0,1,1,0,0,1,2009-06-30T01:48:42Z
oai:secundus.datadryad.org:10255/dryad.680,1,1,1,1,1,0,0,1,1,1,0,1,1,0,0,1,2009-06-30T01:48:42Z
oai:secundus.datadryad.org:10255/dryad.681,1,1,1,1,1,0,0,1,1,1,0,1,1,0,0,1,2009-06-30T01:48:43Z
oai:secundus.datadryad.org:10255/dryad.682,1,1,1,1,1,0,0,1,1,1,0,1,1,0,0,1,2009-06-30T01:48:44Z
oai:secundus.datadryad.org:10255/dryad.678,1,1,1,1,1,1,0,1,1,1,1,1,0,0,0,1,2009-06-30T01:48:47Z
oai:secundus.datadryad.org:10255/dryad.685,1,1,1,1,1,0,0,1,1,1,0,1,1,0,0,1,2009-06-30T22:18:32Z
oai:secundus.datadryad.org:10255/dryad.686,1,1,1,1,1,0,0,1,1,1,0,1,1,0,0,1,2009-06-30T22:18:33Z
oai:secundus.datadryad.org:10255/dryad.687,1,1,1,1,1,0,0,1,1,1,0,1,1,0,0,1,2009-06-30T22:18:34Z
oai:secundus.datadryad.org:10255/dryad.688,1,1,1,1,1,0,0,1,1,1,0,1,1,0,0,1,2009-06-30T22:18:34Z
oai:secundus.datadryad.org:10255/dryad.684,1,1,1,1,1,1,0,1,1,1,1,1,0,0,0,1,2009-06-30T22:18:38Z
oai:secundus.datadryad.org:10255/dryad.692,1,1,1,1,1,1,0,1,1,1,0,1,1,0,1,1,2009-07-06T17:51:39Z
oai:secundus.datadryad.org:10255/dryad.695,1,1,1,1,1,0,0,1,1,1,0,1,1,0,0,1,2009-07-10T17:47:23Z
oai:secundus.datadryad.org:10255/dryad.696,1,1,1,1,1,0,0,1,1,1,0,1,1,0,0,1,2009-07-10T17:47:24Z
oai:secundus.datadryad.org:10255/dryad.697,1,1,1,1,1,0,0,1,1,1,0,1,1,0,0,1,2009-07-10T17:47:24Z
oai:secundus.datadryad.org:10255/dryad.698,1,1,1,1,1,0,0,1,1,1,0,1,1,0,0,1,2009-07-10T17:47:25Z
oai:secundus.datadryad.org:10255/dryad.699,1,1,1,1,1,0,0,1,1,1,0,1,1,0,0,1,2009-07-10T17:47:25Z
oai:secundus.datadryad.org:10255/dryad.700,1,1,1,1,1,0,0,1,1,1,0,1,1,0,0,1,2009-07-10T17:47:26Z
oai:secundus.datadryad.org:10255/dryad.701,1,1,1,1,1,0,0,1,1,1,0,1,1,0,0,1,2009-07-10T17:47:26Z
oai:secundus.datadryad.org:10255/dryad.702,1,1,1,1,1,0,0,1,1,1,0,1,1,0,0,1,2009-07-10T17:47:26Z
oai:secundus.datadryad.org:10255/dryad.703,1,1,1,1,1,0,0,1,1,1,0,1,1,0,0,1,2009-07-10T17:47:27Z
oai:secundus.datadryad.org:10255/dryad.694,1,1,1,1,1,1,0,1,1,1,1,1,0,0,0,1,2009-07-10T17:47:30Z
oai:secundus.datadryad.org:10255/dryad.706,1,1,1,1,1,1,0,1,1,1,0,1,1,0,0,1,2009-07-10T17:58:44Z
oai:secundus.datadryad.org:10255/dryad.705,1,1,1,1,1,1,0,1,1,1,1,1,0,0,0,1,2009-07-10T17:58:47Z
oai:secundus.datadryad.org:10255/dryad.709,1,1,1,1,1,0,0,1,1,1,0,1,1,0,0,0,2009-07-10T18:05:16Z
oai:secundus.datadryad.org:10255/dryad.708,1,1,1,1,1,1,0,1,1,1,1,1,0,0,0,0,2009-07-10T18:05:21Z
oai:secundus.datadryad.org:10255/dryad.713,1,1,1,1,1,0,0,1,1,1,0,1,1,0,0,1,2009-07-15T19:49:14Z
oai:secundus.datadryad.org:10255/dryad.712,1,1,1,1,1,1,0,1,1,1,1,1,0,0,0,1,2009-07-15T19:49:17Z
oai:secundus.datadryad.org:10255/dryad.717,1,1,1,1,1,0,0,1,1,1,0,1,1,0,0,1,2009-07-24T15:41:32Z
oai:secundus.datadryad.org:10255/dryad.718,1,1,1,1,1,0,0,1,1,1,0,1,1,0,0,1,2009-07-24T15:41:32Z
oai:secundus.datadryad.org:10255/dryad.716,1,1,1,1,1,1,0,1,1,1,1,1,0,0,0,1,2009-07-24T15:41:36Z
oai:secundus.datadryad.org:10255/dryad.721,1,1,1,1,1,0,0,1,1,1,0,1,1,0,0,1,2009-07-24T15:50:42Z
oai:secundus.datadryad.org:10255/dryad.720,1,1,1,1,1,1,0,1,1,1,1,1,0,0,0,1,2009-07-24T15:50:49Z
oai:secundus.datadryad.org:10255/dryad.724,1,1,1,1,1,0,0,1,1,1,0,1,1,0,0,1,2009-07-24T16:12:15Z
oai:secundus.datadryad.org:10255/dryad.725,1,1,1,1,1,0,0,1,1,1,0,1,1,0,0,1,2009-07-24T16:12:16Z
oai:secundus.datadryad.org:10255/dryad.723,1,1,1,1,1,1,0,1,1,1,1,1,0,0,0,1,2009-07-24T16:12:19Z
oai:secundus.datadryad.org:10255/dryad.728,1,1,1,1,1,0,0,1,1,1,0,1,1,0,0,1,2009-07-24T16:18:19Z
oai:secundus.datadryad.org:10255/dryad.727,1,1,1,1,1,1,0,1,1,1,1,1,0,0,0,1,2009-07-24T16:18:25Z
oai:secundus.datadryad.org:10255/dryad.732,1,1,1,1,1,0,0,1,1,1,0,1,1,0,0,1,2009-07-24T16:23:02Z
oai:secundus.datadryad.org:10255/dryad.731,1,1,1,1,1,1,0,1,1,1,1,1,0,0,0,1,2009-07-24T16:23:06Z
oai:secundus.datadryad.org:10255/dryad.735,1,1,1,1,1,0,0,1,1,1,0,1,1,0,0,1,2009-07-24T16:31:14Z
oai:secundus.datadryad.org:10255/dryad.734,1,1,1,1,1,1,0,1,1,1,1,1,0,0,1,1,2009-07-24T16:31:18Z
oai:secundus.datadryad.org:10255/dryad.738,1,1,1,1,1,1,0,1,1,1,0,1,1,0,0,1,2009-07-24T17:27:42Z
oai:secundus.datadryad.org:10255/dryad.737,1,1,1,1,1,1,0,1,1,1,1,1,0,0,0,1,2009-07-24T17:27:47Z
oai:secundus.datadryad.org:10255/dryad.741,1,1,1,1,1,0,0,1,1,1,0,1,1,0,0,1,2009-07-24T17:42:02Z
oai:secundus.datadryad.org:10255/dryad.740,1,1,1,1,1,1,0,1,1,1,1,1,0,0,0,1,2009-07-24T17:42:05Z
oai:secundus.datadryad.org:10255/dryad.744,1,1,1,1,1,0,0,1,1,1,0,1,1,0,0,1,2009-07-24T17:57:01Z
oai:secundus.datadryad.org:10255/dryad.745,1,1,1,1,1,0,0,1,1,1,0,1,1,0,0,1,2009-07-24T17:57:01Z
oai:secundus.datadryad.org:10255/dryad.746,1,1,1,1,1,0,0,1,1,1,0,1,1,0,0,1,2009-07-24T17:57:02Z
oai:secundus.datadryad.org:10255/dryad.747,1,1,1,1,1,0,0,1,1,1,0,1,1,0,0,1,2009-07-24T17:57:03Z
oai:secundus.datadryad.org:10255/dryad.748,1,1,1,1,1,0,0,1,1,1,0,1,1,0,0,1,2009-07-24T17:57:03Z
oai:secundus.datadryad.org:10255/dryad.749,1,1,1,1,1,0,0,1,1,1,0,1,1,0,0,1,2009-07-24T17:57:03Z
oai:secundus.datadryad.org:10255/dryad.750,1,1,1,1,1,0,0,1,1,1,0,1,1,0,0,1,2009-07-24T17:57:03Z
oai:secundus.datadryad.org:10255/dryad.751,1,1,1,1,1,0,0,1,1,1,0,1,1,0,0,1,2009-07-24T17:57:04Z
oai:secundus.datadryad.org:10255/dryad.752,1,1,1,1,1,0,0,1,1,1,0,1,1,0,0,1,2009-07-24T17:57:04Z
oai:secundus.datadryad.org:10255/dryad.753,1,1,1,1,1,0,0,1,1,1,0,1,1,0,0,1,2009-07-24T17:57:05Z
oai:secundus.datadryad.org:10255/dryad.754,1,1,1,1,1,0,0,1,1,1,0,1,1,0,0,1,2009-07-24T17:57:05Z
oai:secundus.datadryad.org:10255/dryad.755,1,1,1,1,1,0,0,1,1,1,0,1,1,0,0,1,2009-07-24T17:57:05Z
oai:secundus.datadryad.org:10255/dryad.756,1,1,1,1,1,0,0,1,1,1,0,1,1,0,0,1,2009-07-24T17:57:05Z
oai:secundus.datadryad.org:10255/dryad.757,1,1,1,1,1,0,0,1,1,1,0,1,1,0,0,1,2009-07-24T17:57:06Z
oai:secundus.datadryad.org:10255/dryad.758,1,1,1,1,1,0,0,1,1,1,0,1,1,0,0,1,2009-07-24T17:57:06Z
oai:secundus.datadryad.org:10255/dryad.759,1,1,1,1,1,0,0,1,1,1,0,1,1,0,0,1,2009-07-24T17:57:06Z
oai:secundus.datadryad.org:10255/dryad.760,1,1,1,1,1,0,0,1,1,1,0,1,1,0,0,1,2009-07-24T17:57:06Z
oai:secundus.datadryad.org:10255/dryad.761,1,1,1,1,1,0,0,1,1,1,0,1,1,0,0,1,2009-07-24T17:57:07Z
oai:secundus.datadryad.org:10255/dryad.743,1,1,1,1,1,1,0,1,1,1,1,1,0,0,0,1,2009-07-24T17:57:11Z
oai:secundus.datadryad.org:10255/dryad.764,1,1,1,1,1,0,0,1,1,1,0,1,1,0,0,1,2009-07-24T18:05:24Z
oai:secundus.datadryad.org:10255/dryad.765,1,1,1,1,1,0,0,1,1,1,0,1,1,0,0,1,2009-07-24T18:05:26Z
oai:secundus.datadryad.org:10255/dryad.763,1,1,1,1,1,1,0,1,1,1,1,1,0,0,0,1,2009-07-24T18:05:33Z
oai:secundus.datadryad.org:10255/dryad.769,1,1,1,1,1,0,0,1,1,1,0,1,1,0,0,1,2009-07-31T14:01:05Z
oai:secundus.datadryad.org:10255/dryad.770,1,1,1,1,1,0,0,1,1,1,0,1,1,0,0,1,2009-07-31T14:01:05Z
oai:secundus.datadryad.org:10255/dryad.768,1,1,1,1,1,1,0,1,1,1,1,1,0,0,0,1,2009-07-31T14:01:09Z
oai:secundus.datadryad.org:10255/dryad.773,1,1,1,1,1,0,0,1,1,1,0,1,1,0,0,1,2009-07-31T14:12:13Z
oai:secundus.datadryad.org:10255/dryad.772,1,1,1,1,1,1,0,1,1,1,1,1,0,0,0,1,2009-07-31T14:12:18Z
oai:secundus.datadryad.org:10255/dryad.776,1,1,1,1,1,0,0,1,1,1,0,1,1,0,0,1,2009-07-31T14:19:17Z
oai:secundus.datadryad.org:10255/dryad.775,1,1,1,1,1,1,0,1,1,1,1,1,0,0,0,1,2009-07-31T14:19:21Z
oai:secundus.datadryad.org:10255/dryad.779,1,1,1,1,1,0,0,1,1,1,0,1,1,0,0,1,2009-07-31T14:29:22Z
oai:secundus.datadryad.org:10255/dryad.778,1,1,1,1,1,1,0,1,1,1,1,1,0,0,0,1,2009-07-31T14:29:27Z
oai:secundus.datadryad.org:10255/dryad.783,1,1,1,1,1,0,0,1,1,1,0,1,1,0,0,1,2009-07-31T14:38:32Z
oai:secundus.datadryad.org:10255/dryad.782,1,1,1,1,1,1,0,1,1,1,1,1,0,0,0,1,2009-07-31T14:38:38Z
oai:secundus.datadryad.org:10255/dryad.786,1,1,1,1,1,0,0,1,1,1,0,1,1,0,0,1,2009-07-31T14:47:48Z
oai:secundus.datadryad.org:10255/dryad.785,1,1,1,1,1,1,0,1,1,1,1,1,0,0,1,1,2009-07-31T14:47:53Z
oai:secundus.datadryad.org:10255/dryad.789,1,1,1,1,1,0,0,1,1,1,0,1,1,0,0,1,2009-07-31T14:56:39Z
oai:secundus.datadryad.org:10255/dryad.788,1,1,1,1,1,1,0,1,1,1,1,1,0,0,0,1,2009-07-31T14:56:43Z
oai:secundus.datadryad.org:10255/dryad.792,1,1,1,1,1,0,0,1,1,1,0,1,1,0,0,1,2009-07-31T15:05:26Z
oai:secundus.datadryad.org:10255/dryad.793,1,1,1,1,1,0,0,1,1,1,0,1,1,0,0,1,2009-07-31T15:05:33Z
oai:secundus.datadryad.org:10255/dryad.794,1,1,1,1,1,0,0,1,1,1,0,1,1,0,0,1,2009-07-31T15:05:36Z
oai:secundus.datadryad.org:10255/dryad.795,1,1,1,1,1,0,0,1,1,1,0,1,1,0,0,1,2009-07-31T15:05:40Z
oai:secundus.datadryad.org:10255/dryad.796,1,1,1,1,1,0,0,1,1,1,0,1,1,0,0,1,2009-07-31T15:05:44Z
oai:secundus.datadryad.org:10255/dryad.791,1,1,1,1,1,1,0,1,1,1,1,1,0,0,0,1,2009-07-31T15:05:55Z
oai:secundus.datadryad.org:10255/dryad.800,1,1,1,1,1,0,0,1,1,1,0,1,1,0,0,1,2010-04-21T17:34:33Z
oai:secundus.datadryad.org:10255/dryad.799,1,1,1,1,1,1,0,1,1,1,1,1,0,0,0,1,2009-07-31T15:13:50Z
oai:secundus.datadryad.org:10255/dryad.803,1,1,1,1,1,0,0,1,1,1,0,1,1,0,0,1,2009-07-31T15:55:43Z
oai:secundus.datadryad.org:10255/dryad.804,1,1,1,1,1,0,0,1,1,1,0,1,1,0,0,1,2009-07-31T15:55:50Z
oai:secundus.datadryad.org:10255/dryad.805,1,1,1,1,1,0,0,1,1,1,0,1,1,0,0,1,2009-07-31T15:55:55Z
oai:secundus.datadryad.org:10255/dryad.806,1,1,1,1,1,0,0,1,1,1,0,1,1,0,0,1,2009-07-31T15:55:58Z
oai:secundus.datadryad.org:10255/dryad.807,1,1,1,1,1,0,0,1,1,1,0,1,1,0,0,1,2009-07-31T15:55:58Z
oai:secundus.datadryad.org:10255/dryad.808,1,1,1,1,1,0,0,1,1,1,0,1,1,0,0,1,2009-07-31T15:55:59Z
oai:secundus.datadryad.org:10255/dryad.809,1,1,1,1,1,0,0,1,1,1,0,1,1,0,0,1,2009-07-31T15:55:59Z
oai:secundus.datadryad.org:10255/dryad.810,1,1,1,1,1,0,0,1,1,1,0,1,1,0,0,1,2009-07-31T15:56:00Z
oai:secundus.datadryad.org:10255/dryad.811,1,1,1,1,1,0,0,1,1,1,0,1,1,0,0,1,2009-07-31T15:56:00Z
oai:secundus.datadryad.org:10255/dryad.812,1,1,1,1,1,0,0,1,1,1,0,1,1,0,0,1,2009-07-31T15:56:01Z
oai:secundus.datadryad.org:10255/dryad.813,1,1,1,1,1,0,0,1,1,1,0,1,1,0,0,1,2009-07-31T15:56:01Z
oai:secundus.datadryad.org:10255/dryad.814,1,1,1,1,1,0,0,1,1,1,0,1,1,0,0,1,2009-07-31T15:56:01Z
oai:secundus.datadryad.org:10255/dryad.815,1,1,1,1,1,0,0,1,1,1,0,1,1,0,0,1,2009-07-31T15:56:02Z
oai:secundus.datadryad.org:10255/dryad.816,1,1,1,1,1,0,0,1,1,1,0,1,1,0,0,1,2009-07-31T15:56:02Z
oai:secundus.datadryad.org:10255/dryad.817,1,1,1,1,1,0,0,1,1,1,0,1,1,0,0,1,2009-07-31T15:56:02Z
oai:secundus.datadryad.org:10255/dryad.802,1,1,1,1,1,1,0,1,1,1,1,1,0,0,0,1,2009-07-31T15:56:06Z
oai:secundus.datadryad.org:10255/dryad.821,1,1,1,1,1,0,0,1,1,1,0,1,1,0,0,0,2009-07-31T16:18:42Z
oai:secundus.datadryad.org:10255/dryad.820,1,1,1,1,1,0,0,1,1,1,1,1,0,0,0,0,2009-07-31T16:18:47Z
oai:secundus.datadryad.org:10255/dryad.824,1,1,1,1,1,0,0,1,1,1,0,1,1,0,0,1,2009-07-31T17:46:42Z
oai:secundus.datadryad.org:10255/dryad.823,1,1,1,1,1,1,0,1,1,1,1,1,0,0,0,1,2009-07-31T17:46:47Z
oai:secundus.datadryad.org:10255/dryad.830,1,1,1,1,1,0,0,1,1,1,0,1,1,0,0,1,2009-08-07T01:43:23Z
oai:secundus.datadryad.org:10255/dryad.829,1,1,1,1,1,1,0,1,1,1,1,1,0,0,0,1,2009-08-07T01:43:27Z
oai:secundus.datadryad.org:10255/dryad.834,1,1,1,1,1,0,0,1,1,1,0,1,1,0,0,0,2009-08-07T01:56:55Z
oai:secundus.datadryad.org:10255/dryad.833,1,1,1,1,1,0,0,1,1,1,1,1,0,0,0,0,2009-08-07T01:57:00Z
oai:secundus.datadryad.org:10255/dryad.837,1,1,1,1,1,0,0,1,1,1,0,1,1,0,0,1,2009-08-07T02:13:36Z
oai:secundus.datadryad.org:10255/dryad.838,1,1,1,1,1,0,0,1,1,1,0,1,1,0,0,1,2009-08-07T02:13:37Z
oai:secundus.datadryad.org:10255/dryad.836,1,1,1,1,1,1,0,1,1,1,1,1,0,0,0,1,2009-08-07T02:13:43Z
oai:secundus.datadryad.org:10255/dryad.842,1,1,1,1,1,0,0,1,1,1,0,1,1,0,0,1,2009-08-07T18:29:33Z
oai:secundus.datadryad.org:10255/dryad.841,1,1,1,1,1,1,0,1,1,1,1,1,0,0,0,1,2009-08-07T18:29:38Z
oai:secundus.datadryad.org:10255/dryad.846,1,1,1,1,1,0,0,1,1,1,0,1,1,0,0,1,2009-08-07T18:43:37Z
oai:secundus.datadryad.org:10255/dryad.847,1,1,1,1,1,0,0,1,1,1,0,1,1,0,0,1,2009-08-07T18:43:38Z
oai:secundus.datadryad.org:10255/dryad.848,1,1,1,1,1,0,0,1,1,1,0,1,1,0,0,1,2009-08-07T18:43:39Z
oai:secundus.datadryad.org:10255/dryad.849,1,1,1,1,1,0,0,1,1,1,0,1,1,0,0,1,2009-08-07T18:43:39Z
oai:secundus.datadryad.org:10255/dryad.845,1,1,1,1,1,1,0,1,1,1,1,1,0,0,0,1,2009-08-07T18:43:45Z
oai:secundus.datadryad.org:10255/dryad.853,1,1,1,1,1,0,0,1,1,1,0,1,1,0,0,1,2009-08-07T19:13:59Z
oai:secundus.datadryad.org:10255/dryad.852,1,1,1,1,1,0,0,1,1,1,1,1,0,0,0,1,2009-08-07T19:14:04Z
oai:secundus.datadryad.org:10255/dryad.855,1,1,1,1,1,1,0,1,1,1,1,1,0,0,1,1,2009-08-07T19:30:17Z
oai:secundus.datadryad.org:10255/dryad.858,1,1,1,1,1,1,0,1,1,1,0,1,1,0,1,1,2009-08-17T13:18:40Z
oai:secundus.datadryad.org:10255/dryad.857,1,1,1,1,1,1,0,1,1,1,1,1,0,0,0,1,2009-08-17T13:18:45Z
oai:secundus.datadryad.org:10255/dryad.862,1,1,1,1,1,0,0,1,1,1,0,1,1,0,0,1,2009-08-20T07:03:05Z
oai:secundus.datadryad.org:10255/dryad.864,1,1,1,1,1,1,0,1,1,1,1,1,0,0,0,1,2009-08-28T21:02:06Z
oai:secundus.datadryad.org:10255/dryad.865,1,1,1,1,1,0,0,1,1,1,0,1,1,0,1,1,2009-08-28T21:02:08Z
oai:secundus.datadryad.org:10255/dryad.868,1,1,1,1,1,1,0,1,1,1,1,1,0,0,0,1,2009-09-01T15:30:19Z
oai:secundus.datadryad.org:10255/dryad.869,1,1,1,1,1,0,0,1,1,1,0,1,1,0,0,1,2009-09-01T15:30:37Z
oai:secundus.datadryad.org:10255/dryad.870,1,1,1,1,1,0,0,1,1,1,0,1,1,0,0,1,2009-09-01T15:30:40Z
oai:secundus.datadryad.org:10255/dryad.888,1,1,1,1,1,0,0,1,1,1,0,1,1,0,1,1,2009-10-01T10:19:28Z
oai:secundus.datadryad.org:10255/dryad.889,1,1,1,1,1,0,0,1,1,1,0,1,1,0,1,1,2009-10-01T10:19:30Z
oai:secundus.datadryad.org:10255/dryad.890,1,1,1,1,1,0,0,1,1,1,0,1,1,0,1,1,2009-10-01T10:19:30Z
oai:secundus.datadryad.org:10255/dryad.891,1,1,1,1,1,0,0,1,1,1,0,1,1,0,1,1,2009-10-01T10:19:31Z
oai:secundus.datadryad.org:10255/dryad.892,1,1,1,1,1,0,0,1,1,1,0,1,1,0,1,1,2009-10-01T10:19:31Z
oai:secundus.datadryad.org:10255/dryad.893,1,1,1,1,1,0,0,1,1,1,0,1,1,0,0,1,2009-10-01T10:19:32Z
oai:secundus.datadryad.org:10255/dryad.887,1,1,1,1,1,1,0,1,1,1,1,1,0,0,0,1,2009-10-01T10:19:34Z
oai:secundus.datadryad.org:10255/dryad.901,1,1,1,1,1,1,0,1,1,1,0,1,1,0,0,0,2009-10-03T04:47:47Z
oai:secundus.datadryad.org:10255/dryad.902,1,1,1,1,1,0,0,1,1,1,0,1,1,0,0,0,2009-10-03T04:47:50Z
oai:secundus.datadryad.org:10255/dryad.903,1,1,1,1,1,1,0,1,1,1,0,1,1,0,0,0,2009-10-03T04:47:52Z
oai:secundus.datadryad.org:10255/dryad.904,1,1,1,1,1,1,0,1,1,1,0,1,1,0,0,0,2009-10-03T04:47:55Z
oai:secundus.datadryad.org:10255/dryad.905,1,1,1,1,1,0,0,1,1,1,0,1,1,0,0,0,2009-10-03T04:47:58Z
oai:secundus.datadryad.org:10255/dryad.900,1,1,1,1,1,1,0,1,1,1,1,1,0,0,0,0,2009-10-03T04:48:02Z
oai:secundus.datadryad.org:10255/dryad.908,1,1,1,1,1,1,0,1,1,1,1,1,0,0,0,0,2009-10-06T20:51:21Z
oai:secundus.datadryad.org:10255/dryad.910,1,1,1,1,1,1,0,1,1,1,0,1,1,0,1,1,2009-10-08T19:56:57Z
oai:secundus.datadryad.org:10255/dryad.909,1,1,1,1,1,1,0,1,1,1,1,1,0,0,0,1,2009-10-08T19:56:59Z
oai:secundus.datadryad.org:10255/dryad.921,1,1,1,1,1,0,0,1,1,1,0,1,1,0,0,0,2009-10-09T17:59:43Z
oai:secundus.datadryad.org:10255/dryad.926,1,1,1,1,1,0,0,1,1,1,0,1,1,0,0,0,2009-10-09T18:19:55Z
oai:secundus.datadryad.org:10255/dryad.929,1,1,1,1,1,0,0,1,1,1,0,1,1,0,0,0,2009-10-09T18:28:38Z
oai:secundus.datadryad.org:10255/dryad.930,1,1,1,1,1,0,0,1,1,1,0,1,1,0,0,0,2009-10-09T18:28:39Z
oai:secundus.datadryad.org:10255/dryad.934,1,1,1,1,1,0,0,1,1,1,0,1,1,0,0,0,2009-10-10T02:12:05Z
oai:secundus.datadryad.org:10255/dryad.935,1,1,1,1,1,0,0,1,1,1,0,1,1,0,0,0,2009-10-10T02:12:05Z
oai:secundus.datadryad.org:10255/dryad.936,1,1,1,1,1,0,0,1,1,1,0,1,1,0,0,0,2009-10-10T02:12:06Z
oai:secundus.datadryad.org:10255/dryad.937,1,1,1,1,1,0,0,1,1,1,0,1,1,0,0,0,2009-10-10T02:12:06Z
oai:secundus.datadryad.org:10255/dryad.933,1,1,1,1,1,1,0,1,1,1,1,1,0,0,0,0,2009-10-10T02:12:08Z
oai:secundus.datadryad.org:10255/dryad.940,1,1,1,1,1,0,0,1,1,1,0,1,1,0,0,0,2009-10-11T00:24:16Z
oai:secundus.datadryad.org:10255/dryad.941,1,1,1,1,1,0,0,1,1,1,0,1,1,0,0,0,2009-10-11T00:24:16Z
oai:secundus.datadryad.org:10255/dryad.942,1,1,1,1,1,0,0,1,1,1,0,1,1,0,0,0,2009-10-11T00:24:17Z
oai:secundus.datadryad.org:10255/dryad.943,1,1,1,1,1,0,0,1,1,1,0,1,1,0,0,0,2009-10-11T00:24:17Z