,,P(i),Sum over all n(ij),Total Responses,Organism,Environment,Quality,Mat & Subst,Method,Data Type,Process,Anatomy,Location,Time,Event,Person & Org,Human Inter,Other,None,Other Category,Comment
geochemicalPara,geochemical parameters,0.08333333333333333,6,9,0,1,1,3,0,1,1,0,0,0,0,0,0,1,1,environmental parameter / environmental variable,Hm; not so easy. geochemical (parameters) is not the environment of the organism; but characterizes the environment (quality of the environment?) microbial diversity is not a trait of the organism; but maybe a trait of the group::geochemical parameter is not neccessarily a material or substance (e.g. pressure; which is a physical parameter describing the einvoronment)In the context of ecology; environmental paramenters (/variables) are factors determining the given environment; by influencing organisms or interactiong with other environmental parameters.In this logic "geochemical" would specify the type of the environmental parameter 
,geochemical,0.1111111111111111,8,9,0,3,1,1,0,0,2,0,0,0,0,0,0,1,1,,
,microbial diversity,0.19444444444444442,14,9,2,0,3,0,0,0,0,0,0,0,0,0,0,3,1,community characteristic::Ecosystem service,
,groundwater,0.7777777777777777,56,9,0,8,0,1,0,0,0,0,0,0,0,0,0,0,0,,
tiliaCordata,repository,0.1388888888888889,10,9,0,0,0,0,2,2,0,0,1,0,0,1,0,3,0,data location::data archival,repository could also be a kind of method for data storage/publication; or an organization
,German Tree of the Year 2016,0.1388888888888889,10,9,3,0,0,0,0,1,0,0,0,0,2,1,0,2,0,name,
,Tilia cordata,1.0,72,9,9,0,0,0,0,0,0,0,0,0,0,0,0,0,0,,
yearChange,DOC,0.7777777777777777,56,9,0,0,0,8,0,0,0,0,0,0,0,0,0,1,0,,
,DIC,0.7777777777777777,56,9,0,0,0,8,0,0,0,0,0,0,0,0,0,1,0,,
,year,1.0,72,9,0,0,0,0,0,0,0,0,0,9,0,0,0,0,0,,
dataNeo,Neogloboquadrina pachyderma,0.7777777777777777,56,9,8,0,0,0,0,0,0,0,0,0,0,0,0,0,1,,
,Globigerina bulloides,0.7777777777777777,56,9,8,0,0,0,0,0,0,0,0,0,0,0,0,0,1,,
biologicalSignals,biological signals,0.08333333333333333,6,9,0,1,2,0,1,1,2,0,0,0,0,0,0,2,0,,
rootLength,root length,0.7777777777777777,56,9,0,0,8,0,0,0,0,0,0,0,0,0,0,1,0,Trait::quantität,
,root,0.5833333333333333,42,9,0,0,0,0,0,0,0,7,0,0,0,0,0,1,1,plant part::Organism component or part::plant part,
temporalDynamics,temporal dynamics of fungal communities,0.7777777777777777,56,9,0,0,1,0,0,0,8,0,0,0,0,0,0,0,0,,
,fungal communities,0.4444444444444444,32,9,6,2,0,0,0,0,0,0,0,0,0,0,0,1,0,(species) community,
,upper aquifer,0.5833333333333333,42,9,0,7,0,1,0,0,0,0,1,0,0,0,0,0,0,,
,lower aquifer,0.5833333333333333,42,9,0,7,0,1,0,0,0,0,1,0,0,0,0,0,0,,
soilMoisture,soil moisture patterns,0.08333333333333333,6,9,0,1,2,1,0,1,2,0,0,0,0,0,0,2,0,spatial pattern::var,the first three again characterize the environment (quality of the environment?) the last two coud be events; but do not happen only once
,soil moisture,0.19444444444444442,14,9,0,3,1,2,0,0,0,0,0,0,0,0,0,3,0,environmental parameter / environmental variable::var::Parameter,
,shed precipitation patterns,0.05555555555555555,4,9,0,1,1,1,0,1,2,0,0,0,0,0,0,2,1,spatial pattern::var,
,shed precipitation,0.16666666666666666,12,9,0,2,0,0,0,0,3,0,0,0,0,0,0,2,2,environmental parameter / environmental variable,
,precipitation,0.19444444444444442,14,9,0,3,0,0,0,0,3,0,0,0,1,0,0,2,0,environmental parameter / environmental variable,
bacteriumXY,Bacterium XY,1.0,72,9,9,0,0,0,0,0,0,0,0,0,0,0,0,0,0,,
,metabolizing compound-class XYZ,0.1111111111111111,8,9,1,0,2,1,0,0,3,0,0,0,0,0,0,1,1,?,
,metabolizing,0.611111111111111,44,9,0,0,2,0,0,0,7,0,0,0,0,0,0,0,0,,
soilDepth,carbon,0.5833333333333333,42,9,0,0,1,7,0,0,0,0,0,0,0,0,0,1,0,carbon may be organic or inorganic carbon - mat&Subst; if inorganic,soil depth again quality of the environment?
,soil depth,0.25,18,9,0,4,1,0,0,0,0,0,3,0,0,0,0,1,0,environmental parameter / variable,
kindOfPlant,plants,0.7777777777777777,56,9,8,1,0,0,0,0,0,0,0,0,0,0,0,0,0,,in this case plants might be the environment; not the organism
,Arthrocladiella mougeotii (Lév.) Vassilkov,1.0,72,9,9,0,0,0,0,0,0,0,0,0,0,0,0,0,0,,
surfaceWater,samples,0.19444444444444442,14,9,0,0,0,2,3,3,0,0,0,0,0,0,0,0,1,,
,surface water,0.611111111111111,44,9,0,7,0,2,0,0,0,0,0,0,0,0,0,0,0,,
marinePhages,marine phages,1.0,72,9,9,0,0,0,0,0,0,0,0,0,0,0,0,0,0,,
,effective tracers,0.3055555555555555,22,9,0,0,0,1,5,1,0,0,0,0,0,0,0,2,0,(ecosystem) function,
,particle transport,1.0,72,9,0,0,0,0,0,0,9,0,0,0,0,0,0,0,0,,
,particle,0.41666666666666663,30,9,0,0,1,6,0,0,0,1,0,0,0,0,0,0,1,,
,soil,0.5,36,9,0,6,0,3,0,0,0,0,0,0,0,0,0,0,0,,
,subsurface,0.4444444444444444,32,9,0,6,0,0,0,0,0,0,1,0,0,0,0,2,0,functional location,
phageTransport,the relevance of phage transport,0.19444444444444442,14,9,0,0,3,0,0,0,0,0,0,0,0,0,1,3,2,meaning?; criterion?::Wertung,ecosystem fractioning again quality of the environment?
,phage transport,1.0,72,9,0,0,0,0,0,0,9,0,0,0,0,0,0,0,0,,
,ecosystem fractioning,0.7777777777777777,56,9,0,1,0,0,0,0,8,0,0,0,0,0,0,0,0,,
,ecosystem,0.611111111111111,44,9,0,7,0,0,0,0,0,0,0,0,0,0,0,2,0,consists of organisms and environment,
,soil,0.611111111111111,44,9,0,7,0,2,0,0,0,0,0,0,0,0,0,0,0,,
soilSamples,soil samples,0.19444444444444442,14,9,0,0,0,2,3,3,0,0,0,0,0,0,0,1,0,,pH & water content again quality of the environment?
,Germany,1.0,72,9,0,0,0,0,0,0,0,0,9,0,0,0,0,0,0,,
,measurements of pH and water content,0.2222222222222222,16,9,0,0,0,0,4,1,0,0,0,0,0,0,0,2,2,measurement,
,pH,0.2222222222222222,16,9,0,2,4,1,0,0,0,0,0,0,0,0,0,2,0,environmental parameter / variable::Parameter - Environmental Measurement Systems,
,water content,0.1388888888888889,10,9,0,2,1,3,0,0,1,0,0,0,0,0,0,2,0,environmental parameter / variable::Parameter - Environmental Measurement Systems,
,water,0.4444444444444444,32,9,0,5,0,4,0,0,0,0,0,0,0,0,0,0,0,,
arcticSediments,organic carbon content,0.16666666666666666,12,9,0,1,3,3,0,0,0,0,0,0,0,0,0,1,1,environmental parameter / environmental variable / measurement,the first two again quality of the environment?
,organic,0.19444444444444442,14,9,1,1,4,2,0,0,0,0,0,0,0,0,0,1,0,,
,arctic sediments,0.3333333333333333,24,9,0,4,0,4,0,0,0,0,0,0,0,0,0,0,1,,
,arctic,0.7777777777777777,56,9,0,0,1,0,0,0,0,0,8,0,0,0,0,0,0,,
molecularFormular,substances,1.0,72,9,0,0,0,9,0,0,0,0,0,0,0,0,0,0,0,,sorry; I do not know where to put the last
,specific molecular formula,0.1388888888888889,10,9,0,0,0,1,2,3,0,0,0,0,0,0,0,2,1,,
,molecular,0.08333333333333333,6,9,1,1,3,1,0,0,0,1,0,0,0,0,0,1,1,,
transportPatterns,seasonal transport patterns of microbes,0.4444444444444444,32,9,0,0,2,0,0,0,6,0,0,0,0,0,0,0,1,,
,microbes,1.0,72,9,9,0,0,0,0,0,0,0,0,0,0,0,0,0,0,,
horizontalTran,horizontal transport of microbial communities,0.7777777777777777,56,9,0,0,0,0,0,0,8,0,0,0,0,0,0,1,0,biod. var.,
,microbial communities,0.41666666666666663,30,9,6,1,0,0,0,0,0,0,0,0,0,0,0,1,1,(species) community::biod. var.,
,microbial,0.2222222222222222,16,9,2,0,4,0,0,0,0,1,0,0,0,0,0,0,2,,
autotrophicMicro,autotrophic microorganisms,1.0,72,9,9,0,0,0,0,0,0,0,0,0,0,0,0,0,0,,
,autotrophic,0.5833333333333333,42,9,0,1,7,0,0,0,1,0,0,0,0,0,0,0,0,,
,carbon cycling,1.0,72,9,0,0,0,0,0,0,9,0,0,0,0,0,0,0,0,,
,groundwater aquifer,0.7777777777777777,56,9,0,8,0,1,0,0,0,0,0,0,0,0,0,0,0,,
,aquifer,0.5833333333333333,42,9,0,7,0,1,0,0,0,0,1,0,0,0,0,0,0,,
conduceInfluences,conduce influences,0.16666666666666666,12,9,0,1,0,0,0,0,3,0,0,0,0,0,1,3,1,?,
,soil,0.611111111111111,44,9,0,7,0,2,0,0,0,0,0,0,0,0,0,0,0,,
,aquifer,0.7777777777777777,56,9,0,8,0,1,0,0,0,0,0,0,0,0,0,0,0,,
oxygen,oxygen concentration,0.25,18,9,0,1,4,3,0,0,0,0,0,0,0,0,0,1,0,environmental parameter / varaiable,oxygen concentration -> quality of environment? mesopelagic zone & 200-1000m (depth) could also be locations
,oxygen,1.0,72,9,0,0,0,9,0,0,0,0,0,0,0,0,0,0,0,,
,sea water,0.4444444444444444,32,9,0,5,0,4,0,0,0,0,0,0,0,0,0,0,0,,
,mesopelagic zone,0.3611111111111111,26,9,0,5,0,1,0,0,0,0,3,0,0,0,0,0,0,,
,global ocean,0.4444444444444444,32,9,0,4,0,0,0,0,0,0,5,0,0,0,0,0,0,,
,200-1000m (depth),0.2222222222222222,16,9,0,2,2,0,0,0,0,0,4,0,0,0,0,1,0,quantität,
karstStructure,karst structure of the aquifer,0.1388888888888889,10,9,0,2,2,3,0,1,0,0,0,0,0,0,0,1,0,,karst structure (of the aquifer) -> quality of environment?
,karst structure,0.1388888888888889,10,9,0,2,2,3,0,1,0,0,0,0,0,0,0,1,0,,
,aquifer,0.7777777777777777,56,9,0,8,0,1,0,0,0,0,0,0,0,0,0,0,0,,
,tectonics,0.41666666666666663,30,9,0,1,0,0,0,1,6,0,0,0,0,0,0,0,1,,
,climate,0.16666666666666666,12,9,0,3,0,0,0,1,3,0,0,0,0,0,0,1,1,environmental parameter / variable,
distributionStroks,distribution of stroks,0.19444444444444442,14,9,0,0,4,0,0,2,1,0,0,0,0,0,0,1,1,,I do not know stroks. Might be an organism.::do you mean "strokes" ?
,stroks,0.5833333333333333,42,9,7,0,0,0,0,0,0,0,0,0,0,0,0,1,1,,
,Europe,1.0,72,9,0,0,0,0,0,0,0,0,9,0,0,0,0,0,0,,
coralBleaching,ocean acidification,1.0,72,9,0,0,0,0,0,0,9,0,0,0,0,0,0,0,0,,both could also be described as environmental change
,coral bleaching,1.0,72,9,0,0,0,0,0,0,9,0,0,0,0,0,0,0,0,,
surfaceSignals,surface signals,0.05555555555555555,4,9,0,1,2,0,1,2,0,0,0,0,1,0,0,1,1,,
plantagoLanc,Plantago lanceolata,1.0,72,9,9,0,0,0,0,0,0,0,0,0,0,0,0,0,0,,
somSoils,autotrophic organisms,1.0,72,9,9,0,0,0,0,0,0,0,0,0,0,0,0,0,0,,
,autotrophic,0.41666666666666663,30,9,0,0,6,0,0,0,1,1,0,0,0,0,0,1,0,,
,SOM,0.41666666666666663,30,9,0,1,1,6,0,0,0,0,0,0,0,0,0,1,0,environmental parameter / variable,
,soils,0.4444444444444444,32,9,0,6,0,2,0,0,0,0,1,0,0,0,0,0,0,,
palustrisMaritima,Triglochin palustris,1.0,72,9,9,0,0,0,0,0,0,0,0,0,0,0,0,0,0,,
,Triglochin maritima,1.0,72,9,9,0,0,0,0,0,0,0,0,0,0,0,0,0,0,,
butterflyOak,butterflies,1.0,72,9,9,0,0,0,0,0,0,0,0,0,0,0,0,0,0,,oaks might be the environment in this case
,oaks,0.7777777777777777,56,9,8,1,0,0,0,0,0,0,0,0,0,0,0,0,0,,
waterCycle,N cycle,0.5833333333333333,42,9,0,1,0,1,0,0,7,0,0,0,0,0,0,0,0,,Throughfall & Stemflow could also belong to the environment natural deciduous forest could also be environment or location
,water,0.3611111111111111,26,9,0,5,0,3,0,0,1,0,0,0,0,0,0,0,0,,
,Throughfall,0.2222222222222222,16,9,0,2,0,1,0,0,4,0,0,0,0,0,0,2,0,environmental parameter / variable::Parameters,
,Stemflow,0.2222222222222222,16,9,0,2,0,1,0,0,4,0,0,0,0,0,0,2,0,environmental parameter / variable::Parameters,
,Groundwater,0.19444444444444442,14,9,0,3,0,3,0,0,1,0,0,0,0,0,0,2,0,environmental parameter / variable::Parameters,
,natural deciduous forest,0.5833333333333333,42,9,1,7,0,0,0,0,0,0,0,0,0,0,0,0,1,,
,deciduous,0.41666666666666663,30,9,1,0,6,0,0,0,0,0,1,0,0,0,0,1,0,characteristic of the environment,
waspsOvipositor,ovipositor of wood wasps,0.41666666666666663,30,9,1,0,0,0,0,0,0,6,0,0,0,0,0,1,1,?,
,wood wasps,1.0,72,9,9,0,0,0,0,0,0,0,0,0,0,0,0,0,0,,
,photographs,1.0,72,9,0,0,0,0,0,9,0,0,0,0,0,0,0,0,0,,
,detailed drawings,0.7777777777777777,56,9,0,0,0,0,1,8,0,0,0,0,0,0,0,0,0,,
mesopelagicFish,mesopelagic fish,1.0,72,9,9,0,0,0,0,0,0,0,0,0,0,0,0,0,0,,
,mesopelagic,0.16666666666666666,12,9,0,3,3,0,0,0,1,1,0,0,0,0,0,0,1,,
,genus Cyclothone,1.0,72,9,9,0,0,0,0,0,0,0,0,0,0,0,0,0,0,,
bioPolymers,immediate response of microbiome,0.2222222222222222,16,9,0,0,2,0,0,0,4,0,0,0,2,0,0,1,0,reaction / interaction,
,microbiome,0.3611111111111111,26,9,5,3,0,0,0,0,0,0,0,0,0,0,0,1,0,?,
,supplemented biopolymers,0.19444444444444442,14,9,2,0,1,4,1,0,0,0,0,0,0,0,1,0,0,,
nutrientData,nutrients,0.7777777777777777,56,9,1,0,0,8,0,0,0,0,0,0,0,0,0,0,0,,
,soil,0.611111111111111,44,9,0,7,0,2,0,0,0,0,0,0,0,0,0,0,0,,
mineralComp,Mineral-composition,0.4444444444444444,32,9,0,0,2,6,0,0,0,0,0,0,0,0,0,1,0,environmental parameter / variable,Mineral-composition -> quality of environment? I do not know parlochs. Might be a place or environment. mineralogy of the parlochs -> quality of environment?
,mobile colloids,0.41666666666666663,30,9,1,1,0,6,0,0,0,0,0,0,0,0,0,0,1,,
,groundwater,0.7777777777777777,56,9,0,8,0,1,0,0,0,0,0,0,0,0,0,0,0,,
,mineralogy of the parlochs,0.2777777777777778,20,9,0,0,2,3,0,0,0,0,0,0,0,0,0,0,4,,
,parlochs,0.19444444444444442,14,9,1,0,0,1,0,0,0,0,1,0,0,0,0,2,4,?,
biodiversityCha,biodiversity,0.25,18,9,1,0,4,0,0,0,0,0,0,0,0,0,0,3,1,variety and variability of organisms::domain::Ecosystem service,
,time,0.7777777777777777,56,9,0,0,0,0,0,0,0,0,0,8,0,0,0,1,0,quantity,
vegetationAmount,city districts,0.4444444444444444,32,9,0,2,0,0,0,0,0,0,6,0,0,0,0,1,0,land use,city districts could also be environment amount of vegetation -> quality of environment?
,amount of vegetation,0.08333333333333333,6,9,2,1,1,0,0,1,0,0,0,0,0,0,0,2,2,envoronmental parameter / variable,
,vegetation,0.3611111111111111,26,9,5,3,0,0,0,0,0,0,0,0,0,0,0,1,0,,
,biodiversity,0.16666666666666666,12,9,1,1,3,0,0,0,0,0,0,0,0,0,0,3,1,variety and variability of organisms::Ecosystem service,
aphidoidea,Aphidoidea,1.0,72,9,9,0,0,0,0,0,0,0,0,0,0,0,0,0,0,,
dataFB,foraminifera,0.5833333333333333,42,9,7,0,0,0,0,0,0,1,0,0,0,0,0,0,1,,
aquiferSurfaces,microbes,1.0,72,9,9,0,0,0,0,0,0,0,0,0,0,0,0,0,0,,
,aquifer surfaces,0.7777777777777777,56,9,0,8,0,1,0,0,0,0,0,0,0,0,0,0,0,,
geology,geology,0.3611111111111111,26,9,0,5,0,1,0,0,0,0,0,0,0,0,0,3,0,environmental parameter / environmental variable::discipline::domain,geology & soil geochemistry -> quality of environment? I am not quite sure about bacterial & archaea as it is not bacteria and archaea.
,soil geochemistry,0.3055555555555555,22,9,0,5,1,1,0,0,0,0,0,0,0,0,0,2,0,environmental parameter / environmental variable::discipline,
,soil,0.5,36,9,0,6,0,3,0,0,0,0,0,0,0,0,0,0,0,,
,bacterial and archaeal nitrogen-cycling communities,0.4444444444444444,32,9,6,1,0,0,0,0,0,0,0,0,0,0,0,2,0,(species) community::biodiv. var.,
,bacterial,0.7777777777777777,56,9,8,0,1,0,0,0,0,0,0,0,0,0,0,0,0,,
,archaeal,0.5833333333333333,42,9,7,0,1,0,0,0,0,0,0,0,0,0,0,0,1,,
,nitrogen-cycling,1.0,72,9,0,0,0,0,0,0,9,0,0,0,0,0,0,0,0,,
plantResidalCom,aquifer microbiomes,0.3333333333333333,24,9,5,2,0,0,0,0,0,0,0,0,0,0,0,2,0,(species) community::biod. var.,aquifer microbiomes could be organism in this case; and plant environment do you mean 'residual'?
,aquifer,0.7777777777777777,56,9,0,8,0,1,0,0,0,0,0,0,0,0,0,0,0,,
,plant residal compounds,0.19444444444444442,14,9,0,2,1,4,0,0,0,1,0,0,0,0,0,0,1,,
,plant residal,0.16666666666666666,12,9,0,1,1,3,0,0,0,0,0,0,0,0,0,3,1,?,
,plant,0.7777777777777777,56,9,8,1,0,0,0,0,0,0,0,0,0,0,0,0,0,,
paternalKin,species X,1.0,72,9,9,0,0,0,0,0,0,0,0,0,0,0,0,0,0,,
,paternal kin,0.1111111111111111,8,9,2,0,2,0,0,0,2,0,0,0,0,0,0,2,1,?,
neonicotinoidPol,neonicotinoids,0.7777777777777777,56,9,0,0,0,8,0,0,0,0,0,0,0,0,0,1,0,,
,pollinators,1.0,72,9,9,0,0,0,0,0,0,0,0,0,0,0,0,0,0,,
co2Groundwater,CO2 fixation,1.0,72,9,0,0,0,0,0,0,9,0,0,0,0,0,0,0,0,,
,CO2,1.0,72,9,0,0,0,9,0,0,0,0,0,0,0,0,0,0,0,,
,groundwater,0.7777777777777777,56,9,0,8,0,1,0,0,0,0,0,0,0,0,0,0,0,,
uptakeRates,benthic oxygen uptake rate,0.19444444444444442,14,9,0,1,3,0,0,0,3,0,0,0,0,0,0,2,0,var.::Parameter,(benthic) (oxygen uptake rate) -> quality of environment?; or maybe Parameter? could also fit to (some of) the others I put in this category (A Parameter might be something that is measured by a method; input element.)
,benthic,0.4444444444444444,32,9,2,6,0,0,0,0,0,0,0,0,0,0,0,0,1,?,
,oxygen uptake rate,0.19444444444444442,14,9,0,1,4,0,0,0,2,0,0,0,0,0,0,1,1,var.::Parameter,
,oxygen,1.0,72,9,0,0,0,9,0,0,0,0,0,0,0,0,0,0,0,,
,Atlantic,0.611111111111111,44,9,0,2,0,0,0,0,0,0,7,0,0,0,0,0,0,,
workingArea,catchment area,0.4444444444444444,32,9,0,2,0,0,0,0,0,0,6,0,0,0,0,1,0,,
,source area,0.4444444444444444,32,9,0,2,0,0,0,0,0,0,6,0,0,0,0,1,0,,
,infiltration area,0.4444444444444444,32,9,0,2,0,0,0,0,0,0,6,0,0,0,0,1,0,,
,rain water,0.5833333333333333,42,9,0,1,0,7,0,0,0,0,0,0,0,0,0,0,1,,
,working area,0.5833333333333333,42,9,0,1,0,0,0,0,0,0,7,0,0,0,0,0,1,,
fungalCommunity,surface fungal communities,0.41666666666666663,30,9,6,1,0,0,0,0,1,0,0,0,0,0,0,1,0,(species) community,
,surface,0.4444444444444444,32,9,0,6,0,0,0,0,0,0,1,0,0,0,0,2,0,functional location,
,subsurface fungal communitie,0.41666666666666663,30,9,6,1,0,0,0,0,1,0,0,0,0,0,0,1,0,(species) community,
,subsurface,0.4444444444444444,32,9,0,6,0,0,0,0,0,0,1,0,0,0,0,2,0,functional location,
InfluenceMicro,microorganism,1.0,72,9,9,0,0,0,0,0,0,0,0,0,0,0,0,0,0,,
,CO2 isotopes,1.0,72,9,0,0,0,9,0,0,0,0,0,0,0,0,0,0,0,,
,CO2,1.0,72,9,0,0,0,9,0,0,0,0,0,0,0,0,0,0,0,,
vascularPlants,forest-specific diversity of vascular plants,0.16666666666666666,12,9,2,0,3,0,0,0,0,0,0,0,0,0,0,2,2,(species) community characteristic::Ecosystem service,I am not quite sure about forest specific. I have the feeling; your categories match better with nouns (except for quality and human intervention). But this might be a problem with my thinking patterns.
,forest-specific,0.2222222222222222,16,9,0,2,4,0,0,0,0,0,2,0,0,0,0,1,0,land use,
,vascular plants,1.0,72,9,9,0,0,0,0,0,0,0,0,0,0,0,0,0,0,,
,vascular,0.5,36,9,0,0,6,0,0,0,0,3,0,0,0,0,0,0,0,,
pollinators,abundance of pollinators,0.19444444444444442,14,9,1,0,3,0,0,2,0,0,0,0,0,0,0,3,0,(species) community characteristic::biodiversity index::biodiv. var.,
,bees,1.0,72,9,9,0,0,0,0,0,0,0,0,0,0,0,0,0,0,,
seasonalDi,seasonal differences of nitrogen dry and wet deposition,0.1111111111111111,8,9,0,0,3,0,0,1,2,0,0,1,0,0,0,1,1,term,seasonal differences of nitrogen dry and wet deposition -> quality of environment?::What is a template forest? I guess you meant temperate forest?
,seasonal differences,0.1111111111111111,8,9,0,0,3,0,1,0,1,0,0,1,0,0,0,2,1,term,
,nitrogen dry deposition,0.5833333333333333,42,9,0,0,1,0,0,0,7,0,0,0,0,0,0,1,0,Parameter,
,nitrogen wet deposition,0.5833333333333333,42,9,0,0,1,0,0,0,7,0,0,0,0,0,0,1,0,Parameter,
,nitrogen,1.0,72,9,0,0,0,9,0,0,0,0,0,0,0,0,0,0,0,,
,template forest,0.4444444444444444,32,9,0,6,0,0,0,0,0,0,2,0,0,0,0,0,1,,
socialSystem,social system,0.1388888888888889,10,9,0,1,2,0,0,0,0,1,0,0,0,0,0,3,2,population characteristic::biod. var. / term,
,species X,1.0,72,9,9,0,0,0,0,0,0,0,0,0,0,0,0,0,0,,
invasiveGrasses,invasive grasses,0.7777777777777777,56,9,8,0,0,0,0,0,0,0,0,0,0,0,0,1,0,functional group,
,invasive,0.5833333333333333,42,9,0,0,7,0,0,0,1,0,0,0,0,0,1,0,0,,
,Poaceae,1.0,72,9,9,0,0,0,0,0,0,0,0,0,0,0,0,0,0,,
domComposition,parameters,0.1388888888888889,10,9,0,0,2,1,0,2,0,0,0,0,0,0,0,3,1,parameter? (input for measurement / method)::parameters::var,DOM composition -> quality of environment?
,DOM composition,0.16666666666666666,12,9,0,1,1,3,0,0,1,0,0,0,0,0,0,3,0,environmental parameter / variable::biod. var.,
millipedes,population abundance of millipeds,0.25,18,9,0,1,4,0,0,1,0,0,0,0,0,0,0,3,0,population characteristic::biodiv. var.::Eocosystem service,
,population,0.08333333333333333,6,9,2,0,1,0,1,2,0,0,0,0,0,0,0,1,2,biodiv. var.,
,millipedes,0.7777777777777777,56,9,8,0,0,0,0,0,0,0,0,0,0,0,0,1,0,?,
orgInorg,water,0.611111111111111,44,9,0,2,0,7,0,0,0,0,0,0,0,0,0,0,0,,
,dissolved organic and inorganic,0.7777777777777777,56,9,0,0,1,8,0,0,0,0,0,0,0,0,0,0,0,,
,year,1.0,72,9,0,0,0,0,0,0,0,0,0,9,0,0,0,0,0,,
calcareousGrass,butterfly species,1.0,72,9,9,0,0,0,0,0,0,0,0,0,0,0,0,0,0,,calcareous -> quality of environment?
,calcareous grassland,0.5833333333333333,42,9,0,7,0,0,0,0,0,0,1,0,0,0,0,1,0,land use,
,calcareous,0.3333333333333333,24,9,0,2,5,2,0,0,0,0,0,0,0,0,0,0,0,,
structure,vegetation structural diversity,0.19444444444444442,14,9,0,1,2,0,0,1,0,0,0,0,0,0,0,4,1,(species) community characteristic::biodiversity index::biod. var.::Ecosystem service / Biodiversity,vegetation structural diversity & subsurface structural properties -> quality of environment?
,vegetation,0.3611111111111111,26,9,5,3,0,0,0,0,0,0,0,0,0,0,0,0,1,,
,subsurface structural properties,0.1388888888888889,10,9,0,1,3,2,0,1,0,0,0,0,0,0,0,2,0,environmental property::Parameter,
,subsurface,0.3611111111111111,26,9,0,5,0,0,0,0,0,0,3,0,0,0,0,1,0,functional location,
secondaryMinerals,secondary minerals,0.7777777777777777,56,9,0,0,1,8,0,0,0,0,0,0,0,0,0,0,0,,all; except for secondary minarals -> quality of environment?
,pores,0.1111111111111111,8,9,0,2,2,2,0,0,0,0,2,0,0,0,0,0,1,,
,fractures,0.1111111111111111,8,9,0,2,2,2,0,0,0,0,2,0,0,0,0,0,1,,
,groundwater chemistry,0.1111111111111111,8,9,0,1,2,1,0,0,1,0,0,0,0,0,0,3,1,environmental parameter / environmental variable::domain::Ecosystem parameter,
,chemistry,0.1111111111111111,8,9,0,1,2,1,0,0,1,0,0,0,0,0,0,3,1,environmental parameter / environmental variable::domain::Ecosystem parameter,
specififcInputs,molecules,0.41666666666666663,30,9,1,0,0,6,0,0,0,1,0,0,0,0,0,1,0,chemical element or compound,physico-chemical compositions of the groundwater -> quality of environment?
,surface,0.3333333333333333,24,9,0,4,0,0,0,0,0,0,4,0,0,0,0,1,0,functional location,
,nitrogen,1.0,72,9,0,0,0,9,0,0,0,0,0,0,0,0,0,0,0,,
,physico-chemical compositions of the groundwater,0.25,18,9,0,1,1,3,0,0,0,0,0,0,0,0,0,4,0,environmental parameter / environmental variable::Parameter,
,groundwater,0.611111111111111,44,9,0,7,0,2,0,0,0,0,0,0,0,0,0,0,0,,
downstreamCom,connections,0.3055555555555555,22,9,0,1,1,0,0,0,5,0,0,0,0,0,0,2,0,relation::?,connections -> quality of environment? I do not know where to put soil born.
,soil born mobile (organic) matters,0.2222222222222222,16,9,2,0,1,4,0,0,0,0,0,0,0,0,0,2,0,environmental parameter / environmental variable::?,
,soil born,0.1388888888888889,10,9,0,2,3,0,0,0,1,0,0,0,0,0,0,1,2,,
,soil,0.611111111111111,44,9,0,7,0,2,0,0,0,0,0,0,0,0,0,0,0,,
,downstream compartments (aquifer),0.4444444444444444,32,9,0,5,0,4,0,0,0,0,0,0,0,0,0,0,0,,
microbialGuilds,patterns,0.2777777777777778,20,9,0,0,1,0,1,1,0,0,0,0,0,0,0,5,1,pattern,patterns -> parameter?::spatial or temporal patterns?
,trace gas release,1.0,72,9,0,0,0,0,0,0,9,0,0,0,0,0,0,0,0,,
,trace gas,1.0,72,9,0,0,0,9,0,0,0,0,0,0,0,0,0,0,0,,
,activity of microbial guilds,0.4444444444444444,32,9,0,0,4,0,0,0,5,0,0,0,0,0,0,0,0,,
,microbial guilds,0.7777777777777777,56,9,8,0,0,0,0,0,0,0,0,0,0,0,0,1,0,functional group,
distributionHolo,distribution of Holothuroidea,0.1388888888888889,10,9,1,0,2,0,0,3,1,0,0,0,0,0,0,2,0,population characteristic::Ecosystem Parameters,
,Holothuroidea,1.0,72,9,9,0,0,0,0,0,0,0,0,0,0,0,0,0,0,,
,Atlantic Ocean,0.5,36,9,0,3,0,0,0,0,0,0,6,0,0,0,0,0,0,,
grassCut,grass cut events,0.4444444444444444,32,9,0,0,0,0,0,0,0,0,0,0,5,0,4,0,0,Management,
,grass cut,0.2777777777777778,20,9,0,1,0,0,1,0,1,0,0,0,1,0,5,0,0,Management,
,grass,0.7777777777777777,56,9,8,1,0,0,0,0,0,0,0,0,0,0,0,0,0,,
,soils,0.611111111111111,44,9,0,7,0,2,0,0,0,0,0,0,0,0,0,0,0,,
,water,0.4444444444444444,32,9,0,5,0,4,0,0,0,0,0,0,0,0,0,0,0,,
subsurfaceSoils,chemolithoautotrophy,0.3333333333333333,24,9,0,0,4,0,0,0,4,0,0,0,0,0,0,0,1,,
,heterotrophy,0.3333333333333333,24,9,0,0,4,1,0,0,4,0,0,0,0,0,0,0,0,,
,subsurface soils,0.41666666666666663,30,9,0,6,0,1,0,0,0,0,1,0,0,0,0,1,0,functional location,
,subsurface,0.3333333333333333,24,9,0,4,0,0,0,0,0,0,4,0,0,0,0,1,0,functional location,
globalOccurrence,Triglochin palustris (Sumpf-Dreizack),1.0,72,9,9,0,0,0,0,0,0,0,0,0,0,0,0,0,0,,tropical areas could also be environment
,Triglochin maritima (Strand Dreizack),1.0,72,9,9,0,0,0,0,0,0,0,0,0,0,0,0,0,0,,
,Brandenburg,1.0,72,9,0,0,0,0,0,0,0,0,9,0,0,0,0,0,0,,
,Germany,1.0,72,9,0,0,0,0,0,0,0,0,9,0,0,0,0,0,0,,
,middle Europe,1.0,72,9,0,0,0,0,0,0,0,0,9,0,0,0,0,0,0,,
,Europe,1.0,72,9,0,0,0,0,0,0,0,0,9,0,0,0,0,0,0,,
,tropical areas,0.3611111111111111,26,9,0,3,0,0,0,0,0,0,5,0,0,0,0,1,0,climate zone,
,South America,1.0,72,9,0,0,0,0,0,0,0,0,9,0,0,0,0,0,0,,
c_n_isotopes,patterns in C-/N-isotopes of CH4; N2O; CO2 (GHG's),0.2222222222222222,16,9,0,0,4,0,0,1,0,0,0,0,0,0,0,2,2,pattern,patterns in C-/N-isotopes of CH4; N2O; CO2 (GHG's) -> quality of environment?; parameter?::see above spatial or temporal?
,C-/N-isotopes of CH4; N2O; CO2 (GHG's),0.7777777777777777,56,9,0,0,0,8,0,0,0,0,0,0,0,0,0,1,0,,
,C-/N-isotopes,0.7777777777777777,56,9,0,0,0,8,0,0,0,0,0,0,0,0,0,1,0,,
,CH4,0.7777777777777777,56,9,0,0,1,8,0,0,0,0,0,0,0,0,0,0,0,,
,N2O,0.7777777777777777,56,9,0,0,1,8,0,0,0,0,0,0,0,0,0,0,0,,
,CO2,0.7777777777777777,56,9,0,0,1,8,0,0,0,0,0,0,0,0,0,0,0,,
,GHG,0.7777777777777777,56,9,0,0,1,8,0,0,0,0,0,0,0,0,0,0,0,,
vlpData,influence of rainfall events,0.25,18,9,0,0,1,0,0,0,4,0,0,0,1,0,0,3,0,meaning?; parameter?::effect,maybe rainfall is an event; even if not singular?
,rainfall events,1.0,72,9,0,0,0,0,0,0,0,0,0,0,9,0,0,0,0,,
,VLP-data,0.7777777777777777,56,9,0,0,0,0,0,8,0,0,0,0,0,0,0,0,1,,
birdDistribution,bird distribution,0.16666666666666666,12,9,2,0,2,0,0,2,0,0,0,0,0,0,0,3,0,spatial pattern::biod. var.::Paramter,
,Germany,1.0,72,9,0,0,0,0,0,0,0,0,9,0,0,0,0,0,0,,
meanValue,mean value,0.19444444444444442,14,9,0,0,2,0,1,3,0,0,0,0,0,0,0,3,0,parameter?::measure::quantität,
,hydrochemical parameters,0.16666666666666666,12,9,0,0,2,0,0,3,0,0,0,0,0,0,0,2,2,parameter?; quality of environment?::environmental parameter / environmental variable:: var.::Ecosystem parameter,
,site,0.611111111111111,44,9,0,2,0,0,0,0,0,0,7,0,0,0,0,0,0,,
crossKingdom,aquifer co-occurence patterns of microorganism,0.1388888888888889,10,9,1,0,2,0,0,2,0,0,0,0,0,0,0,3,1,species interaction::biod. var.::Parameter,aquifer co-occurence patterns (of microorganism) could also be parameters (cf. questions above) I do not know where to put cross kingdom level
,aquifer co-occurence patterns,0.1388888888888889,10,9,0,1,2,0,0,2,0,0,0,0,0,0,0,3,1,species interaction::biod. var.::Parameter,
,aquifer,0.7777777777777777,56,9,0,8,0,1,0,0,0,0,0,0,0,0,0,0,0,,
,microorganism,1.0,72,9,9,0,0,0,0,0,0,0,0,0,0,0,0,0,0,,
,cross kingdom level,0.16666666666666666,12,9,0,0,1,0,1,0,0,1,0,0,0,0,0,3,3,organizational level::hirarchy,
,soil,0.611111111111111,44,9,0,7,0,2,0,0,0,0,0,0,0,0,0,0,0,,
paridae,species of the family Paridae,0.7777777777777777,56,9,8,0,0,0,0,0,0,1,0,0,0,0,0,0,0,,
,Paridae,1.0,72,9,9,0,0,0,0,0,0,0,0,0,0,0,0,0,0,,
,Europe,1.0,72,9,0,0,0,0,0,0,0,0,9,0,0,0,0,0,0,,
coffeaArabica,Coffea arabica,1.0,72,9,9,0,0,0,0,0,0,0,0,0,0,0,0,0,0,,subtropical areas could also be a location
,subtropical areas,0.3611111111111111,26,9,0,3,0,0,0,0,0,0,5,0,0,0,0,1,0,climatic zone,
,Europe,1.0,72,9,0,0,0,0,0,0,0,0,9,0,0,0,0,0,0,,
waterFlow,landsurface heterogenity,0.2222222222222222,16,9,0,2,2,0,0,1,0,0,0,0,0,0,0,4,0,landscape ecology characteristic::environmental quality::var::Parameter,landsurface heterogenity -> quality of environment?
,landsurface,0.5,36,9,0,6,0,0,0,0,0,0,3,0,0,0,0,0,0,,
,patterns of water flow/ flux,0.19444444444444442,14,9,0,0,1,0,0,1,2,0,0,0,0,0,0,4,1,parameter?::pattern::environmental quality::var,
,water flow,0.7777777777777777,56,9,0,0,0,0,0,0,8,0,0,0,0,0,0,1,0,environmental parameter / environmental variable,
,water flux,0.5833333333333333,42,9,0,0,0,1,0,0,7,0,0,0,0,0,0,1,0,environmental parameter / environmental variable,
,water,0.5,36,9,0,3,0,6,0,0,0,0,0,0,0,0,0,0,0,,
verticalCanopy,vertical canopy measurements,0.3611111111111111,26,9,0,0,0,0,5,3,0,0,0,0,0,0,0,1,0,parameter?,canopy might better be a location; hm...
,canopy,0.4444444444444444,32,9,0,6,0,0,0,0,0,1,0,0,0,0,0,2,0,functional location::bio term,
,beeches,1.0,72,9,9,0,0,0,0,0,0,0,0,0,0,0,0,0,0,,
,spruces,1.0,72,9,9,0,0,0,0,0,0,0,0,0,0,0,0,0,0,,
datasetSunflowers,sunflowers,1.0,72,9,9,0,0,0,0,0,0,0,0,0,0,0,0,0,0,,
heracleumMant,Heracleum mantegazzianum,1.0,72,9,9,0,0,0,0,0,0,0,0,0,0,0,0,0,0,,
,neophyt,0.19444444444444442,14,9,4,0,2,0,0,0,0,1,0,0,0,0,1,1,0,,
preferentialFlow,trees,1.0,72,9,9,0,0,0,0,0,0,0,0,0,0,0,0,0,0,,
,preferential flow,1.0,72,9,0,0,0,0,0,0,9,0,0,0,0,0,0,0,0,,
kammerFrost,weather,0.16666666666666666,12,9,0,4,1,0,0,0,1,0,0,0,1,0,0,1,1,environmental parameter / environmental variable,amount of rain & ~ precipitation -> quality of environment? I decided to categorize precipitation as event.
,last 4 weeks,1.0,72,9,0,0,0,0,0,0,0,0,0,9,0,0,0,0,0,,
,Kammerforst,1.0,72,9,0,0,0,0,0,0,0,0,9,0,0,0,0,0,0,,
,amount of rain,0.19444444444444442,14,9,0,1,1,1,0,2,0,0,0,0,0,0,0,4,0,measure::environmental quality::quantität::Parameter,
,rain,0.19444444444444442,14,9,0,1,0,2,0,0,0,0,0,0,4,0,0,1,1,environmental parameter / environmental variable::var,
,amount of precipitation,0.1111111111111111,8,9,0,1,1,1,0,2,0,0,0,0,0,0,0,3,1,measure::environmental quality::quantität::Parameter,
,precipitation,0.1388888888888889,10,9,0,1,0,2,0,0,0,0,0,0,3,0,0,2,1,environmental parameter / environmental variable::var::Parameter,
coldSeeps,sulfate reduction rates,0.25,18,9,0,0,4,0,0,1,1,0,0,0,0,0,0,3,0,var; quantität::Parameter,
,sulfate reduction,0.5833333333333333,42,9,0,1,0,0,0,0,7,0,0,0,1,0,0,0,0,,
,sulfate,1.0,72,9,0,0,0,9,0,0,0,0,0,0,0,0,0,0,0,,
,cold seep,0.5,36,9,0,6,0,0,0,0,0,0,0,0,0,0,0,3,0,functional location::?,
surfaceProperties,surface properties,0.16666666666666666,12,9,0,3,1,0,0,1,0,0,0,0,0,0,0,3,1,environmental parameter / environmental variable,surface properties -> quality of environment?
,processes,1.0,72,9,0,0,0,0,0,0,9,0,0,0,0,0,0,0,0,,
frogData,frog,1.0,72,9,9,0,0,0,0,0,0,0,0,0,0,0,0,0,0,,
primulaVeris,Primula veris,1.0,72,9,9,0,0,0,0,0,0,0,0,0,0,0,0,0,0,,
,Germany,1.0,72,9,0,0,0,0,0,0,0,0,9,0,0,0,0,0,0,,
nitrateLeaching,template forests,0.2777777777777778,20,9,1,5,0,0,0,0,0,0,1,0,0,0,0,1,1,typo? temperate ?,I do not know; where to put sources of nitrate leaching.::I think you mean temperate (in a earlier question as well.
,sources of nitrate leaching,0.1388888888888889,10,9,0,1,0,2,0,0,2,0,0,0,0,0,0,3,1,,
,nitrate leaching,1.0,72,9,0,0,0,0,0,0,9,0,0,0,0,0,0,0,0,,
,groundwater,0.611111111111111,44,9,0,7,0,2,0,0,0,0,0,0,0,0,0,0,0,,
rareSpecies,rare species,0.7777777777777777,56,9,8,0,0,0,0,0,0,0,0,0,0,0,0,1,0,protection status,
,activities,0.4444444444444444,32,9,0,0,0,0,0,0,6,0,0,0,0,0,0,2,1,biod. var.,
,groundwater,0.7777777777777777,56,9,0,8,0,1,0,0,0,0,0,0,0,0,0,0,0,,
iucnStatus,frog,1.0,72,9,9,0,0,0,0,0,0,0,0,0,0,0,0,0,0,,I do not know; where to put IUCN red list. Could be some kind of method?
,IUCN red list status,0.19444444444444442,14,9,0,0,2,0,0,3,0,0,0,0,0,1,0,3,0,classification::conservation status::quantität,
,IUCN red list,0.08333333333333333,6,9,0,0,0,0,1,1,0,0,0,0,0,2,2,1,2,document::legal aspect,
landManagement,historic land-management,0.7777777777777777,56,9,0,0,0,0,0,0,0,0,0,0,0,0,8,1,0,land use,
,historic,0.41666666666666663,30,9,0,0,1,0,0,0,0,0,0,6,1,0,1,0,0,,
,current vegetation structural signatures,0.3055555555555555,22,9,0,0,5,0,0,2,0,0,0,0,0,0,0,1,1,Parameter,
,current,0.7777777777777777,56,9,0,0,1,0,0,0,0,0,0,8,0,0,0,0,0,,
,vegetation,0.4444444444444444,32,9,4,5,0,0,0,0,0,0,0,0,0,0,0,0,0,,
,structural signatures,0.41666666666666663,30,9,0,0,6,1,0,1,0,0,0,0,0,0,0,1,0,Parameter,
bee,bees,1.0,72,9,9,0,0,0,0,0,0,0,0,0,0,0,0,0,0,,
heracleumMant,Heracleum mantegazzianum,1.0,72,9,9,0,0,0,0,0,0,0,0,0,0,0,0,0,0,,
,Berlin,1.0,72,9,0,0,0,0,0,0,0,0,9,0,0,0,0,0,0,,
,Berlin,1.0,72,9,0,0,0,0,0,0,0,0,9,0,0,0,0,0,0,,
,Brandenburg,1.0,72,9,0,0,0,0,0,0,0,0,9,0,0,0,0,0,0,,
,Germany,1.0,72,9,0,0,0,0,0,0,0,0,9,0,0,0,0,0,0,,
,Europe,1.0,72,9,0,0,0,0,0,0,0,0,9,0,0,0,0,0,0,,
forestFloor,role of throughfall,0.1111111111111111,8,9,0,1,1,0,0,1,1,0,0,0,0,0,0,3,2,meaning?; parameter?::function,
,throughfall,0.41666666666666663,30,9,0,1,0,0,0,0,6,0,0,0,1,0,0,1,0,environmental parameter / environmental variable,
,water input,0.4444444444444444,32,9,0,0,0,2,0,0,6,0,0,0,1,0,0,0,0,,
,forest floor,0.4444444444444444,32,9,0,6,0,0,0,0,0,0,2,0,0,0,0,1,0,functional location + land use,
spatialRedistrib,spatial re-distribution of precipitation,0.4444444444444444,32,9,0,0,0,0,1,0,6,0,0,0,0,0,0,2,0,quality of environment?::spatial pattern,hm; precipitation could also be a process... I do not know tree coupies.::What is tree coupies? Do you mean tree canopy?
,precipitation,0.2222222222222222,16,9,0,2,0,0,0,0,4,0,0,0,2,0,0,1,0,environmental parameter / environmental variable,
,tree coupies,0.1111111111111111,8,9,2,1,0,0,0,0,0,1,1,0,0,0,0,1,3,?,
,vertical transport of organic,1.0,72,9,0,0,0,0,0,0,9,0,0,0,0,0,0,0,0,,
,soil,0.5,36,9,0,6,0,3,0,0,0,0,0,0,0,0,0,0,0,,
stylopsMelittae,Germany,1.0,72,9,0,0,0,0,0,0,0,0,9,0,0,0,0,0,0,,
,specimen of Stylops melittae,0.41666666666666663,30,9,6,0,0,0,1,1,0,1,0,0,0,0,0,0,0,,
,Stylops melittae,1.0,72,9,9,0,0,0,0,0,0,0,0,0,0,0,0,0,0,,
gasAnalyticalTec,suitable methods,0.7777777777777777,56,9,0,0,0,0,8,0,0,0,0,0,0,0,0,1,0,,
,microbial soil processes,1.0,72,9,0,0,0,0,0,0,9,0,0,0,0,0,0,0,0,,
,microbial,0.3333333333333333,24,9,4,0,4,0,0,0,0,0,0,0,0,0,0,1,0,,
,soil,0.4444444444444444,32,9,0,5,0,4,0,0,0,0,0,0,0,0,0,0,0,,
,gas analytical techniques,1.0,72,9,0,0,0,0,9,0,0,0,0,0,0,0,0,0,0,,
,gas,1.0,72,9,0,0,0,9,0,0,0,0,0,0,0,0,0,0,0,,
plantTraits,plant traits,0.611111111111111,44,9,0,0,7,0,0,0,0,2,0,0,0,0,0,0,0,,
,plant,0.7777777777777777,56,9,8,1,0,0,0,0,0,0,0,0,0,0,0,0,0,,
,precipitation,0.1388888888888889,10,9,0,1,0,0,0,0,3,0,0,0,2,0,0,2,1,environmental parameter / variable,
,grazing,0.3055555555555555,22,9,0,0,0,0,0,0,5,0,0,0,1,0,2,0,1,environmental parameter / variable,
plantPathogens,diversity of hosts,0.3333333333333333,24,9,0,0,4,0,0,0,0,0,0,0,0,0,0,4,1,community characteristic::biod. var.::Ecosystem parameter,
,hosts,0.41666666666666663,30,9,6,1,1,0,0,0,0,0,0,0,0,0,0,1,0,biod. var.,
,diversity of plant pathogens,0.3333333333333333,24,9,0,0,4,0,0,0,0,0,0,0,0,0,0,4,1,community characteristic::biod. var.,
,plant pathogens,0.5833333333333333,42,9,7,1,1,0,0,0,0,0,0,0,0,0,0,0,0,Ecosystem parameter,
,plant,1.0,72,9,9,0,0,0,0,0,0,0,0,0,0,0,0,0,0,,
environmentalFac,environmental factors,0.3055555555555555,22,9,0,1,0,0,0,2,0,0,0,0,0,0,0,5,1,parameter?::environmental parameter / variable::var::Parameter,
,soil moisture patterns,0.19444444444444442,14,9,0,0,2,1,0,1,0,0,0,0,0,0,0,4,1,parameter?; quality of environment?::spatial pattern::var::Parameter,
,soil moisture,0.16666666666666666,12,9,0,1,1,3,0,0,0,0,0,0,0,0,0,3,1,quality of environment?::environmental parameter / variable::var::Parameter,
,soil,0.3333333333333333,24,9,0,4,0,4,0,0,0,0,1,0,0,0,0,0,0,,
heterotropicMicro,heterotropic microbial activity,0.4444444444444444,32,9,0,0,2,0,0,0,6,0,0,0,0,0,0,1,0,biod. var.,
,heterotropic,0.611111111111111,44,9,0,0,7,0,0,0,2,0,0,0,0,0,0,0,0,,
,microbial,1.0,72,9,9,0,0,0,0,0,0,0,0,0,0,0,0,0,0,,
,aquifer,0.7777777777777777,56,9,0,8,0,1,0,0,0,0,0,0,0,0,0,0,0,,
metaboliteProcess,organism,0.7777777777777777,56,9,8,0,0,0,0,0,0,0,0,0,0,0,0,1,0,,
,metabolite,0.5833333333333333,42,9,0,0,1,7,0,0,0,0,0,0,0,0,0,1,0,,
,origin of this structure,0.1388888888888889,10,9,0,0,2,0,0,1,0,1,0,0,0,0,0,2,3,?,
,structure,0.1111111111111111,8,9,0,0,2,1,0,0,0,2,0,0,0,0,0,2,2,?,
aricideaAntarctica,Aricidea antarctica (Paranonidae),1.0,72,9,9,0,0,0,0,0,0,0,0,0,0,0,0,0,0,,
speciesHungary,species,0.611111111111111,44,9,7,0,0,0,0,0,0,0,0,0,0,0,0,2,0,biod. var.,
,Bäumler; J.A.,1.0,72,9,0,0,0,0,0,0,0,0,0,0,0,9,0,0,0,,
,Hungary,1.0,72,9,0,0,0,0,0,0,0,0,9,0,0,0,0,0,0,,
dnaData,DNA,0.2777777777777778,20,9,0,0,0,1,1,1,0,5,0,0,0,0,0,1,0,organism characteristic,I saw DNA in your examples for anatomy; but it might also be a substance.
,Amphimonhystrella sp. (Nematoda),1.0,72,9,9,0,0,0,0,0,0,0,0,0,0,0,0,0,0,,
landAband,land abandonment,0.41666666666666663,30,9,0,0,1,0,0,1,0,0,0,0,0,0,6,1,0,?,
polychaete,specimen,0.2777777777777778,20,9,5,0,0,0,1,1,0,1,0,0,0,0,0,0,1,,deep-sea could also be a location
,deep-sea polychaete,1.0,72,9,9,0,0,0,0,0,0,0,0,0,0,0,0,0,0,,
,deep-sea,0.5833333333333333,42,9,0,7,1,0,0,0,0,0,0,0,0,0,0,1,0,functional location,
westAfrica,vegetation data,0.5833333333333333,42,9,0,1,0,0,0,7,0,0,0,0,0,0,0,1,0,,vegetation data could als be parameters for measurement
,West Africa,1.0,72,9,0,0,0,0,0,0,0,0,9,0,0,0,0,0,0,,
vegetationCan,patterns,0.3055555555555555,22,9,0,0,1,0,0,2,1,0,0,0,0,0,0,5,0,parameter?::pattern::Parameter,soil depth -> quality of environment?
,vegetation canopies,0.19444444444444442,14,9,1,3,0,0,0,0,0,2,0,0,0,0,0,3,0,plant part::functional location,
,vegetation,0.5,36,9,6,3,0,0,0,0,0,0,0,0,0,0,0,0,0,,
,soil depth,0.1388888888888889,10,9,0,2,1,0,0,0,0,0,3,0,0,0,0,2,1,environmental parameter / variable::environmental quality,
,soil,0.3611111111111111,26,9,0,5,0,3,0,0,0,0,1,0,0,0,0,0,0,,
omCycle,insect mass infestation,0.3611111111111111,26,9,0,0,0,0,0,0,3,0,0,0,5,0,0,1,0,disturbance,OM cycle distribution -> quality of environment?
,fire,0.3611111111111111,26,9,0,0,0,0,0,0,3,0,0,0,5,0,0,1,0,disturbance,
,OM cycle,0.7777777777777777,56,9,0,1,0,0,0,0,8,0,0,0,0,0,0,0,0,,
,OM cycle distribution,0.2222222222222222,16,9,0,1,2,0,0,2,4,0,0,0,0,0,0,0,0,,
,soil system,0.5833333333333333,42,9,0,7,0,1,0,0,0,0,0,0,0,0,0,0,1,,
,land use types,0.2777777777777778,20,9,0,1,0,0,0,1,0,0,0,0,0,0,5,1,1,land use,
agriculture,agriculture,0.41666666666666663,30,9,0,1,0,0,0,0,0,0,0,0,0,1,6,1,0,land use,groundwater composition -> quality of environment?
,groundwater composition,0.3055555555555555,22,9,0,1,5,1,0,0,0,0,0,0,0,0,0,2,0,environmental parameter / variable::Ecosytem parameter,
,groundwater,0.4444444444444444,32,9,0,5,0,4,0,0,0,0,0,0,0,0,0,0,0,,
co2Fixation,pathway,0.16666666666666666,12,9,0,0,0,0,0,0,3,0,1,0,1,0,0,3,1,term,I do not know where to put pathway. maybe a pathway of CO2 fixation can be a quality of the environment?
,CO2 fixation,0.7777777777777777,56,9,0,0,0,0,0,0,8,0,0,0,0,0,0,1,0,ecosystem function,
,CO2,0.7777777777777777,56,9,0,0,1,8,0,0,0,0,0,0,0,0,0,0,0,,
,anoxic aquifers,0.7777777777777777,56,9,0,8,0,1,0,0,0,0,0,0,0,0,0,0,0,,
climateChange,prevalence of diseases,0.19444444444444442,14,9,0,0,2,0,0,0,3,0,0,0,0,0,0,3,1,climate change::var,
,diseases,0.1388888888888889,10,9,1,0,0,0,0,0,2,0,0,0,2,0,0,3,1,,
,climate change,0.41666666666666663,30,9,0,0,0,0,0,0,6,0,0,0,1,0,0,1,1,environmental parameter / variable,
forestCover,forest cover change,0.7777777777777777,56,9,0,0,0,0,0,0,8,0,0,1,0,0,0,0,0,vegetation characteristic,forest cover -> quality of environment?
,forest cover,0.16666666666666666,12,9,0,3,1,0,0,1,0,0,0,0,0,0,0,3,1,biodiv. var.,
,Africa,1.0,72,9,0,0,0,0,0,0,0,0,9,0,0,0,0,0,0,,
parameters,physico-chemical parameters,0.1111111111111111,8,9,0,0,1,2,0,1,1,0,0,0,0,0,0,3,1,parameters::environmental parameter / environmental variable,
Goldenrod,Goldenrod,1.0,72,9,9,0,0,0,0,0,0,0,0,0,0,0,0,0,0,,
,Europe,1.0,72,9,0,0,0,0,0,0,0,0,9,0,0,0,0,0,0,,
phageTracers,marine phages,1.0,72,9,9,0,0,0,0,0,0,0,0,0,0,0,0,0,0,,I am not quite sure about placing tracer as a method.
,tracer,0.19444444444444442,14,9,0,0,1,3,3,0,0,0,0,0,0,0,0,2,0,function,
,colloid,0.3055555555555555,22,9,0,0,0,5,0,0,1,0,0,0,0,0,0,1,2,,
,water transport,1.0,72,9,0,0,0,0,0,0,9,0,0,0,0,0,0,0,0,,
,water,0.5,36,9,0,3,0,6,0,0,0,0,0,0,0,0,0,0,0,,
,subsurface ecosystems,0.7777777777777777,56,9,0,8,0,0,0,0,0,0,0,0,0,0,0,0,1,,
,subsurface,0.25,18,9,0,4,1,0,0,0,0,0,3,0,0,0,0,1,0,,
dataDnaRna,molecules,0.19444444444444442,14,9,1,0,1,4,0,0,0,2,0,0,0,0,0,1,0,,
,DNA,0.1388888888888889,10,9,0,0,1,3,0,1,0,2,0,0,0,0,0,2,0,organism characteristic,
,RNA data,0.7777777777777777,56,9,0,0,0,0,0,8,0,1,0,0,0,0,0,0,0,,
climaticPara,climatic parameters,0.19444444444444442,14,9,0,1,2,0,0,1,0,0,0,0,0,0,0,4,1,parameter::environmental parameter / environmental variable::Ecosystem parameter,I do not know where to put climatic.
,climatic,0.1111111111111111,8,9,0,2,2,0,0,1,0,0,0,0,0,0,0,2,2,Ecosystem parameter,
,groundwater discharge,0.41666666666666663,30,9,0,0,0,1,0,0,6,0,0,0,0,0,1,1,0,var.,
,seepage water amount,0.2222222222222222,16,9,0,0,2,2,0,0,0,0,0,0,0,0,0,4,1,parameter?::measure::quantität,
,seepage water,0.611111111111111,44,9,0,2,0,7,0,0,0,0,0,0,0,0,0,0,0,,
acquifersHydrogeo,aquifers,0.7777777777777777,56,9,0,8,0,1,0,0,0,0,0,0,0,0,0,0,0,,hydrogeochemical (properties) -> quality of environment?
,hydrogeochemical properties,0.19444444444444442,14,9,0,1,4,1,0,1,0,0,0,0,0,0,0,2,0,environmental parameter /environmental variable,
,hydrogeochemical,0.1388888888888889,10,9,0,2,3,2,0,0,1,0,0,0,0,0,0,0,1,,
hainichGround,sulfate reducing bacteria,1.0,72,9,9,0,0,0,0,0,0,0,0,0,0,0,0,0,0,,
,sulfate reducing,0.4444444444444444,32,9,0,0,5,0,0,0,4,0,0,0,0,0,0,0,0,,
,sulfate,0.7777777777777777,56,9,0,0,1,8,0,0,0,0,0,0,0,0,0,0,0,,
,Hainich groundwater,0.611111111111111,44,9,0,7,0,2,0,0,0,0,0,0,0,0,0,0,0,,
,Hainich,1.0,72,9,0,0,0,0,0,0,0,0,9,0,0,0,0,0,0,,
scientificResults,results,0.25,18,9,0,0,0,0,1,3,0,0,0,0,0,0,0,4,1,results::data,All four do not really match; hm...
,scientific research,0.19444444444444442,14,9,0,0,0,0,4,0,1,0,0,0,0,0,1,2,1,science,
,policy,0.2222222222222222,16,9,0,0,0,0,1,0,0,0,0,0,0,0,2,4,2,Something like human activities???::policy,
,practice,0.25,18,9,0,0,0,0,1,0,0,0,0,0,0,0,4,3,1,see above,
autotrophicOrg,autotrophic organisms,1.0,72,9,9,0,0,0,0,0,0,0,0,0,0,0,0,0,0,,What is fractimation? do you mean fractionation?
,autotrophic,0.5833333333333333,42,9,0,1,7,0,0,0,1,0,0,0,0,0,0,0,0,,
,isotopes of carbon,1.0,72,9,0,0,0,9,0,0,0,0,0,0,0,0,0,0,0,,
,carbon,1.0,72,9,0,0,0,9,0,0,0,0,0,0,0,0,0,0,0,,
,fractimation,0.5833333333333333,42,9,0,0,0,0,1,0,7,0,0,0,0,0,0,1,0,?,
habitatData,habitat data,0.611111111111111,44,9,0,2,0,0,0,7,0,0,0,0,0,0,0,0,0,,habitat data could also be parameters for measurement
,specific taxa,0.7777777777777777,56,9,8,0,0,0,0,0,0,1,0,0,0,0,0,0,0,,
srbCommunity,parameters,0.19444444444444442,14,9,0,0,2,0,1,1,0,0,0,0,0,0,0,4,1,parameter::parameters::var,
,SRB community,0.2222222222222222,16,9,4,1,0,0,0,0,0,0,0,0,0,0,0,2,2,(species) community::biod. var.,
,sulfate reduction rate,0.25,18,9,0,0,4,1,0,0,1,0,0,0,0,0,0,3,0,environmental property or quality::var::Parameter,
,sulfate reduction,1.0,72,9,0,0,0,0,0,0,9,0,0,0,0,0,0,0,0,,
,sulfate,1.0,72,9,0,0,0,9,0,0,0,0,0,0,0,0,0,0,0,,
biotopeRegion,taxa,0.7777777777777777,56,9,8,0,0,0,0,0,0,1,0,0,0,0,0,0,0,,country checklist same like red list; not really a method...
,specific location,0.7777777777777777,56,9,0,0,0,0,0,0,0,0,8,0,0,0,0,1,0,functional location / biotope,
,biotope,0.3333333333333333,24,9,0,5,0,0,0,0,0,0,2,0,0,0,0,2,0,functional location / biotope::biodiv. var.,
,region,0.611111111111111,44,9,0,2,0,0,0,0,0,0,7,0,0,0,0,0,0,,
,country checklists,0.16666666666666666,12,9,0,0,0,0,3,2,0,0,2,0,0,0,0,0,2,,
insectTaxa,taxa,0.41666666666666663,30,9,6,0,0,0,0,1,0,0,0,0,0,0,0,1,1,,host plant could also be environment
,insect,1.0,72,9,9,0,0,0,0,0,0,0,0,0,0,0,0,0,0,,
,host plant,0.7777777777777777,56,9,8,0,0,0,0,0,0,0,0,0,0,0,0,1,0,,
seepageWater,water chemistry of the seepage water,0.1111111111111111,8,9,0,1,2,1,0,0,1,0,0,0,0,0,0,3,1,environmental parameter / environmental variable::var,terms under environment -> quality of the environment? terms under mat & subst could also be environment
,water chemistry,0.1388888888888889,10,9,0,1,2,3,0,0,1,0,0,0,0,0,0,2,0,environmental parameter / environmental variable::domain,
,water,0.611111111111111,44,9,0,2,0,7,0,0,0,0,0,0,0,0,0,0,0,,
,seepage water,0.4444444444444444,32,9,0,2,0,6,0,0,0,0,1,0,0,0,0,0,0,,
,chemistry of the groundwater,0.16666666666666666,12,9,0,1,3,3,0,0,1,0,0,0,0,0,0,1,0,environmental parameter / environmental variable,
,chemistry,0.1111111111111111,8,9,0,1,2,1,0,0,1,0,0,0,0,0,0,3,1,environmental parameter / environmental variable::domain,
,groundwater,0.4444444444444444,32,9,0,5,0,4,0,0,0,0,0,0,0,0,0,0,0,,
molecularMarkers,molecular markers,0.3333333333333333,24,9,0,0,0,4,4,0,0,0,0,0,0,0,0,1,0,,
,processes of nitrogen transformation,1.0,72,9,0,0,0,0,0,0,9,0,0,0,0,0,0,0,0,,
,nitrogen transformation,1.0,72,9,0,0,0,0,0,0,9,0,0,0,0,0,0,0,0,,
,pristine aquifer,0.7777777777777777,56,9,0,8,0,1,0,0,0,0,0,0,0,0,0,0,0,,
depwaterHorizon,Deepwater Horizon oil spill,0.2777777777777778,20,9,0,0,0,1,0,0,1,0,0,0,5,0,1,0,1,,
,Deepwater Horizon,0.25,18,9,0,3,0,0,0,0,0,0,3,0,0,3,0,0,0,,
,Gulf of Mexico fauna,0.5,36,9,6,3,0,0,0,0,0,0,0,0,0,0,0,0,0,,
,Gulf of Mexico,1.0,72,9,0,0,0,0,0,0,0,0,9,0,0,0,0,0,0,,
zeaMays,geographic elevation,0.08333333333333333,6,9,0,2,1,0,0,1,0,0,2,0,0,0,0,2,1,environmental parameter / variable::environmental quality,geographic elevation -> quality of environment?
,growth rate of Zea mays,0.5833333333333333,42,9,0,0,7,0,0,0,1,0,0,0,0,0,0,1,0,biod. var.,
,plant development of Zea mays,0.3611111111111111,26,9,0,0,5,0,0,0,3,0,0,0,0,0,0,1,0,biod. var.,
,Zea mays,1.0,72,9,9,0,0,0,0,0,0,0,0,0,0,0,0,0,0,,
sphaerothecaAp,Sphaerotheca aphanis,1.0,72,9,9,0,0,0,0,0,0,0,0,0,0,0,0,0,0,,
,Macedonia,1.0,72,9,0,0,0,0,0,0,0,0,9,0,0,0,0,0,0,,
microActivity,microbial activities,0.5833333333333333,42,9,0,0,1,0,0,0,7,0,0,0,0,0,0,1,0,biod. var.,
,microbial,1.0,72,9,9,0,0,0,0,0,0,0,0,0,0,0,0,0,0,,
,groundwater,0.7777777777777777,56,9,0,8,0,1,0,0,0,0,0,0,0,0,0,0,0,,
diversityCityAgri,diversity of species traits,0.19444444444444442,14,9,0,0,4,0,1,1,0,1,0,0,0,0,0,2,0,(species) community characteristic::biodiversity response; index,
,species traits,0.41666666666666663,30,9,0,0,6,0,0,1,0,1,0,0,0,0,0,1,0,concept for organism features,
,cities,0.25,18,9,0,4,0,0,0,0,0,0,3,0,0,0,1,1,0,land use,
,agricultural areas,0.3055555555555555,22,9,0,5,0,0,0,0,0,0,2,0,0,0,1,1,0,land use,
ecosystemServ,biodiversity,0.1388888888888889,10,9,2,1,3,0,0,0,0,0,0,0,0,0,0,2,1,variety and variability of organisms::Ecosystem service,ecosystem service (delivery) -> quality of environment?
,ecosystem service delivery,0.3055555555555555,22,9,0,1,2,0,0,0,5,0,0,0,0,0,1,0,0,,
,ecosystem service,0.1111111111111111,8,9,0,1,2,1,0,0,3,0,0,0,0,0,1,1,0,ecosystem function,
substancesX,substances X,0.7777777777777777,56,9,0,0,0,8,0,0,0,0,0,0,0,0,0,0,1,,
,mammals,0.7777777777777777,56,9,8,0,0,0,0,0,0,0,0,0,0,0,0,0,1,,
treeSpeciesDiv,global map,0.2222222222222222,16,9,0,0,0,0,1,4,0,0,2,0,0,0,0,2,0,variability and variety of organisms::analysis of data / data product,
,tree species diversity,0.19444444444444442,14,9,1,0,2,0,0,1,0,0,0,0,0,0,0,4,1,biodiversity response; index::biod. var.::Ecosystem service,
,tree species,1.0,72,9,9,0,0,0,0,0,0,0,0,0,0,0,0,0,0,,
filtrationVolume,effect of filtration volume,0.1388888888888889,10,9,0,0,2,0,1,0,2,0,0,0,1,0,0,3,0,parameter?::effect,I do not know where to put different types.
,filtration volume,0.16666666666666666,12,9,0,1,3,1,1,0,0,0,0,0,0,0,0,3,0,measure::quantität::Parameter,
,filtration,0.5,36,9,0,0,0,0,3,0,6,0,0,0,0,0,0,0,0,,
,yield on DNA/RNA,0.08333333333333333,6,9,0,0,2,0,0,2,1,1,0,0,0,0,0,2,1,parameter?::domain::Parameter,
,DNA,0.19444444444444442,14,9,0,0,0,3,0,1,0,3,0,0,0,0,0,2,0,genetic,
,RNA,0.19444444444444442,14,9,0,0,0,3,0,1,0,3,0,0,0,0,0,2,0,genetic,
,different types,0.2222222222222222,16,9,1,0,2,0,0,0,0,0,0,0,0,0,0,2,4,term,
factor,crop yield increase,0.19444444444444442,14,9,0,0,1,0,0,0,2,0,0,0,0,0,3,3,0,parameter?::measure,
,crop yield,0.25,18,9,0,0,4,1,0,0,0,0,0,0,0,0,3,1,0,measure,
,cacoa,0.7777777777777777,56,9,8,0,0,1,0,0,0,0,0,0,0,0,0,0,0,,
holothuriansM,holothurians,0.7777777777777777,56,9,8,0,0,0,0,0,0,0,0,0,0,0,0,1,0,?,
,4000m (depth),0.3333333333333333,24,9,0,4,0,0,0,0,0,0,4,0,0,0,0,1,0,functional location / vertical location,
sedimentSamples,species,1.0,72,9,9,0,0,0,0,0,0,0,0,0,0,0,0,0,0,,
,water,0.3333333333333333,24,9,0,4,1,4,0,0,0,0,0,0,0,0,0,0,0,,
,sediment samples,0.19444444444444442,14,9,0,1,0,3,3,2,0,0,0,0,0,0,0,0,0,,
,sediment,0.5,36,9,0,3,0,6,0,0,0,0,0,0,0,0,0,0,0,,
paridaeLandUse,species richness of Paridae,0.3333333333333333,24,9,1,0,4,0,0,0,0,0,0,0,0,0,0,4,0,Family feature::biodiversity index::quantity; value::Ecosystem service,
,Paridae,1.0,72,9,9,0,0,0,0,0,0,0,0,0,0,0,0,0,0,,
,land-use type,0.5833333333333333,42,9,0,1,0,0,0,0,0,0,0,0,0,0,7,1,0,land use,
molecularComp,organic matter context,0.19444444444444442,14,9,0,1,3,3,0,0,0,0,0,0,0,0,0,2,0,environmental parameter / environmental variable::var / context,organic matter context & molecular composition of the groundwater -> quality of environment?
,organic matter,1.0,72,9,0,0,0,9,0,0,0,0,0,0,0,0,0,0,0,,
,molecular composition of the groundwater,0.1388888888888889,10,9,0,1,2,3,0,0,0,0,0,0,0,0,0,2,1,(species) community characteristic::var::Parameter,
,groundwater,0.5,36,9,0,6,0,3,0,0,0,0,0,0,0,0,0,0,0,,
foodWebs,food webs,0.1111111111111111,8,9,1,1,0,0,0,2,1,0,0,0,0,0,0,3,1,species interaction::biod. var.,I do not know where to place food webs.
,north sea,0.611111111111111,44,9,0,2,0,0,0,0,0,0,7,0,0,0,0,0,0,,
archaeaSpecies,archaea species,1.0,72,9,9,0,0,0,0,0,0,0,0,0,0,0,0,0,0,,
,upper soil,0.4444444444444444,32,9,0,6,0,1,0,0,0,0,2,0,0,0,0,0,0,,
,groundwater,0.7777777777777777,56,9,0,8,0,1,0,0,0,0,0,0,0,0,0,0,0,,
monoCulture,feed of grasshopper,0.1111111111111111,8,9,0,1,0,1,0,0,2,1,0,0,0,0,0,3,1,diet,
,grasshopper,1.0,72,9,9,0,0,0,0,0,0,0,0,0,0,0,0,0,0,,
,natural habitat,0.5833333333333333,42,9,0,7,0,0,0,0,0,1,0,0,0,0,1,0,0,,
,mono-culture,0.3055555555555555,22,9,0,5,1,0,0,0,0,0,0,0,0,0,2,1,0,land use,
,gut microbiome,0.08333333333333333,6,9,2,0,0,1,0,0,0,1,0,0,0,0,1,2,2,,
higherBiodiversity,cities,0.25,18,9,0,4,0,0,0,0,0,0,3,0,0,0,1,1,0,land use,
,biodiversity,0.25,18,9,1,0,3,0,1,0,0,0,0,0,0,0,0,4,0,variety and variability of organisms::biod. var.::Ecosystem parameter,
,agricultural areas,0.25,18,9,0,4,0,0,0,0,0,0,3,0,0,0,1,1,0,land use,
varietiesLatvia,varieties of Erysiphe aquilegiae,0.3611111111111111,26,9,5,0,3,0,0,0,0,0,0,0,0,0,0,1,0,Parameter,
,Erysiphe aquilegiae,1.0,72,9,9,0,0,0,0,0,0,0,0,0,0,0,0,0,0,,
,Latvia,1.0,72,9,0,0,0,0,0,0,0,0,9,0,0,0,0,0,0,,
treeInsect,trees,1.0,72,9,9,0,0,0,0,0,0,0,0,0,0,0,0,0,0,,
,insects,1.0,72,9,9,0,0,0,0,0,0,0,0,0,0,0,0,0,0,,
,location,0.7777777777777777,56,9,0,0,0,0,0,0,0,0,8,0,0,0,0,1,0,,
leafAreaIndex,leaf area index,0.1388888888888889,10,9,0,1,3,0,2,1,0,0,0,0,0,0,0,2,0,parameter::Ecosystem parameter,in this case (leaf area index) diversity could be a trait of plants
,diversity,0.19444444444444442,14,9,2,0,3,0,0,0,0,0,0,0,0,0,0,3,1,community characteristic::Ecosystem service,
microbialCom,vertical transport of microbial communities,1.0,72,9,0,0,0,0,0,0,9,0,0,0,0,0,0,0,0,,
,microbial communities,0.3333333333333333,24,9,5,2,0,0,0,0,0,0,0,0,0,0,0,2,0,community::biod. var.,
,microbial,0.3333333333333333,24,9,4,0,4,0,0,0,0,1,0,0,0,0,0,0,0,,
microbs,microbes,1.0,72,9,9,0,0,0,0,0,0,0,0,0,0,0,0,0,0,,
,aquifer surfaces,0.4444444444444444,32,9,0,6,0,1,0,0,0,0,2,0,0,0,0,0,0,,
,aquifer,0.5833333333333333,42,9,0,7,0,1,0,0,0,0,1,0,0,0,0,0,0,,
wellHYZ,types of bacteria,0.7777777777777777,56,9,8,0,1,0,0,0,0,0,0,0,0,0,0,0,0,,I do not know H.Y.Z?
,H.Y.Z.,0.3611111111111111,26,9,0,0,0,0,0,0,0,0,5,0,0,0,0,1,3,?,
copepodEggs,eggs per day,0.4444444444444444,32,9,0,0,6,0,0,1,0,0,0,0,0,0,0,2,0,rate::Paramter,
,eggs,0.19444444444444442,14,9,1,0,2,3,0,0,0,3,0,0,0,0,0,0,0,,
,copepods,1.0,72,9,9,0,0,0,0,0,0,0,0,0,0,0,0,0,0,,
megafauna,megafauna,1.0,72,9,9,0,0,0,0,0,0,0,0,0,0,0,0,0,0,,I do not understand this question correctly
,echinoderms,0.7777777777777777,56,9,8,0,1,0,0,0,0,0,0,0,0,0,0,0,0,,
,abundance,0.19444444444444442,14,9,0,0,3,0,0,2,1,0,0,0,0,0,0,3,0,community characteristic::biodiv. var.::Ecosystem parameter,
,trawls,0.1111111111111111,8,9,0,0,0,0,2,2,0,0,0,0,0,0,2,2,1,?,
,images,0.41666666666666663,30,9,0,0,0,0,1,6,0,0,0,0,0,0,0,1,1,,
insectAbundances,abundances of insects,0.25,18,9,0,0,3,0,0,1,1,0,0,0,0,0,0,4,0,community characteristic::biod. var.::Parameter,beeches and spruces could also be environment in this case
,insects,1.0,72,9,9,0,0,0,0,0,0,0,0,0,0,0,0,0,0,,
,canopies,0.4444444444444444,32,9,0,6,1,0,0,0,0,2,0,0,0,0,0,0,0,biod. term,
,beeches,0.7777777777777777,56,9,8,1,0,0,0,0,0,0,0,0,0,0,0,0,0,,
,spruces,0.7777777777777777,56,9,8,1,0,0,0,0,0,0,0,0,0,0,0,0,0,,
waterParameters,water patterns,0.1388888888888889,10,9,0,0,2,1,0,1,0,0,0,0,0,0,0,3,2,parameter?::pattern,
,VLP counts,0.1388888888888889,10,9,0,0,1,0,2,1,0,0,0,0,0,0,0,2,3,?,
zone,critical zone,0.3611111111111111,26,9,0,5,0,1,0,0,0,0,3,0,0,0,0,0,0,,could also be a location
protectionZones,groundwater protection zones,0.3611111111111111,26,9,0,5,0,0,0,0,0,0,3,0,0,0,0,1,0,conservation status,
,groundwater,0.5,36,9,0,6,0,3,0,0,0,0,0,0,0,0,0,0,0,,
tracerFactor,tracer,0.2222222222222222,16,9,0,0,0,2,4,0,0,0,0,0,0,0,0,2,1,function,I am not quite sure about placing tracer as a method.
aquiferRocks,aquifer rocks,0.4444444444444444,32,9,0,4,0,5,0,0,0,0,0,0,0,0,0,0,0,,
,aquifer,0.5833333333333333,42,9,0,7,0,1,0,0,0,0,1,0,0,0,0,0,0,,
bioPores,earthworm burrows(biopores),0.1111111111111111,8,9,1,3,0,0,0,1,0,2,0,0,0,0,0,1,1,var,earthworm burrows(biopores) -> quality of environment?
,earthworm,1.0,72,9,9,0,0,0,0,0,0,0,0,0,0,0,0,0,0,,
,infiltration processes,1.0,72,9,0,0,0,0,0,0,9,0,0,0,0,0,0,0,0,,
,transport processes,1.0,72,9,0,0,0,0,0,0,9,0,0,0,0,0,0,0,0,,
,rainfall events,0.5833333333333333,42,9,0,0,0,0,0,0,1,0,0,1,7,0,0,0,0,,
oxicAquifer,microbial key-players,0.7777777777777777,56,9,8,0,1,0,0,0,0,0,0,0,0,0,0,0,0,,oxic -> quality of environment?
,microbial,0.19444444444444442,14,9,4,1,2,0,0,0,0,0,0,0,0,0,0,1,1,,
,oxic acquifer,0.7777777777777777,56,9,0,8,0,1,0,0,0,0,0,0,0,0,0,0,0,,
,oxic,0.2222222222222222,16,9,0,2,4,2,0,0,0,0,0,0,0,0,0,1,0,,
driverTransport,driver,0.16666666666666666,12,9,0,0,1,0,0,1,1,0,0,0,0,0,0,3,3,driver::domain term,I do not know whether the driver can be an organism or a process or both.::drivers might be biotic (Organisms) or abiotic (environment?)
,deposition,1.0,72,9,0,0,0,0,0,0,9,0,0,0,0,0,0,0,0,,
,transport of marine phages,1.0,72,9,0,0,0,0,0,0,9,0,0,0,0,0,0,0,0,,
,marine phage,0.7777777777777777,56,9,8,0,0,1,0,0,0,0,0,0,0,0,0,0,0,,
,transport of terrestrial phages,1.0,72,9,0,0,0,0,0,0,9,0,0,0,0,0,0,0,0,,
,terrestrial phages,0.7777777777777777,56,9,8,0,0,1,0,0,0,0,0,0,0,0,0,0,0,,
,subsurface,0.3611111111111111,26,9,0,5,0,0,0,0,0,0,3,0,0,0,0,1,0,functional location,
globalFrog,global frog distribution,0.1111111111111111,8,9,0,0,1,0,0,2,1,0,1,0,0,0,0,3,1,spatial pattern::biod. var.::Parameter,
,global,1.0,72,9,0,0,0,0,0,0,0,0,9,0,0,0,0,0,0,,
,frog,1.0,72,9,9,0,0,0,0,0,0,0,0,0,0,0,0,0,0,,
plantDiversity,plant diversity,0.25,18,9,1,0,4,0,0,1,0,0,0,0,0,0,0,3,0,community characteristic::biod. var.::Parameter,
,plant,0.7777777777777777,56,9,8,0,0,0,0,0,0,1,0,0,0,0,0,0,0,,
,species richness,0.25,18,9,1,0,4,0,1,0,0,0,0,0,0,0,0,3,0,community characteristic::biod. var.::Parameter,
,functional group composition,0.25,18,9,1,0,4,0,1,0,0,0,0,0,0,0,0,3,0,community characteristic::biod. var.::Parameter,
,functional group,0.16666666666666666,12,9,4,1,1,0,1,0,0,0,0,0,0,0,0,1,1,biod. var.,
,root decomposition,0.5833333333333333,42,9,0,0,0,0,1,0,7,0,0,0,0,0,0,1,0,ecosystem function,
,root,0.4444444444444444,32,9,0,1,0,0,0,0,0,6,0,0,0,0,0,0,2,pant part::plant part,
,grassland,0.7777777777777777,56,9,0,8,0,0,0,0,0,0,0,0,0,0,0,1,0,land use,
groundwaterSig,surface signals,0.05555555555555555,4,9,0,1,1,1,0,1,2,0,0,0,0,0,0,2,1,var,
,surface,0.3333333333333333,24,9,0,4,0,0,0,0,0,0,4,0,0,0,0,1,0,functional location,
,groundwater,0.611111111111111,44,9,0,7,0,2,0,0,0,0,0,0,0,0,0,0,0,,
thalassemaThala,populations of Thalassema thalassemum,0.3055555555555555,22,9,5,0,1,0,0,1,0,0,0,0,0,0,0,2,0,population::biod. var.,
,Thalassema thalassemum,1.0,72,9,9,0,0,0,0,0,0,0,0,0,0,0,0,0,0,,
,reproductive period,0.2777777777777778,20,9,0,0,3,0,0,0,0,0,0,4,2,0,0,0,0,,
,year,1.0,72,9,0,0,0,0,0,0,0,0,0,9,0,0,0,0,0,,
treePopulation,lidar data,0.7777777777777777,56,9,0,0,0,0,1,8,0,0,0,0,0,0,0,0,0,,
,air,0.3611111111111111,26,9,0,5,0,3,0,0,0,0,1,0,0,0,0,0,0,,
,soils,0.4444444444444444,32,9,0,6,0,2,0,0,0,0,1,0,0,0,0,0,0,,
,tree population,0.5833333333333333,42,9,7,0,1,0,0,0,0,0,0,0,0,0,0,1,0,population,
climateChange,climate change,0.3055555555555555,22,9,0,1,0,0,0,0,5,0,0,0,2,0,0,1,0,climate change::var,


,Summary,,,,1075,825,472,641,102,192,557,78,458,66,70,18,78,513,183
,P,0.5484234234234234,,p(j),0.20176426426426428,0.15484234234234234,0.08858858858858859,0.12030780780780781,0.019144144144144143,0.036036036036036036,0.10454204204204204,0.01463963963963964,0.08596096096096097,0.012387387387387387,0.013138138138138139,0.0033783783783783786,0.01463963963963964,0.09628378378378379,0.03434684684684685,
,,,,Pe,0.11820667796174555
,,,,p(j)(I),0.1610554459301644,0.1308661913602792,0.08074065056047038,0.10583383918828738,0.018777645889132374,0.03473744014284555,0.09361300348772196,0.014425320590861131,0.0785716741516291,0.012233940021102183,0.01296552746440134,0.003366964937910884,0.014425320590861131,0.08701321676406136,0.033167140958526097,
,,,,Pe(I),0.06298523728844675
,Fleiss Kappa,0.4878884141095979
,GWET,0.5180688773037101